ts,mid,book_imb,depth_imb25,book_liq,spread_bp,wall_up_bp,wall_dn_bp,micro_bp,oi,oi_chg,funding,trend_bp
2026-06-25 18:04:27,59616.5,-0.192,-0.192,151.3,0.17,3.1,0.0,0.07,33041.56,0.0,7.0156e-06,0.0
2026-06-25 18:13:19,59410.5,-0.884,-0.884,300.8,0.17,3.1,3.3,-0.08,33041.39,-0.001,2.9512e-06,-24.27
2026-06-25 19:41:18,59299.5,0.4,0.4,269.8,0.17,5.5,3.3,-0.02,33917.88,2.653,-3.9171e-06,-30.13
2026-06-25 21:17:43,59537.5,-0.756,-0.756,206.4,0.17,3.1,3.3,-0.08,33841.44,-0.225,-4.5227e-06,6.98
2026-06-25 22:50:09,59735.5,-0.397,-0.397,159.8,0.17,0.0,0.0,-0.02,33267.74,-1.695,-8.2815e-06,28.07
2026-06-26 00:00:49,59764.5,0.655,0.655,164.6,0.17,0.0,3.1,0.08,33170.15,-0.293,-7.6062e-06,23.04
2026-06-26 04:18:56,60045.5,-0.095,-0.095,162.5,0.17,3.1,0.0,0.07,31150.59,-6.088,1.25e-05,48.81
2026-06-26 08:04:46,60347.5,0.142,0.142,224.0,0.17,3.2,3.2,-0.08,32245.73,3.516,-1.39104e-05,69.03
2026-06-26 11:12:33,59438.5,0.466,0.466,220.2,0.17,0.0,3.3,0.01,32119.13,-0.393,2.5424e-06,-57.99
2026-06-26 13:20:15,58774.5,0.758,0.758,216.0,0.17,3.7,3.3,0.08,34356.46,6.966,-1.62619e-05,-120.14
2026-06-26 15:32:45,60186.5,0.612,0.612,247.4,0.17,3.2,3.1,0.08,33897.9,-1.335,2.1144e-06,82.1
2026-06-26 17:18:38,60053.5,-0.161,-0.161,122.3,0.17,3.1,0.0,-0.02,34030.15,0.39,-4.5318e-06,42.09
2026-06-26 19:10:00,60059.5,0.852,0.852,170.1,0.17,0.0,3.1,0.08,33894.44,-0.399,-3.0643e-06,30.16
2026-06-26 20:53:42,59743.5,0.069,0.069,184.6,0.17,3.1,3.1,0.07,33970.82,0.225,3.495e-07,-15.8
2026-06-26 21:59:28,59902.5,0.108,0.108,195.6,0.17,3.1,0.0,0.07,33943.41,-0.081,4.5862e-06,7.55
2026-06-26 23:10:34,60040.5,0.091,0.091,197.9,0.17,3.2,3.2,0.06,33744.06,-0.587,6.199e-06,21.36
2026-06-27 00:19:40,60060.5,-0.047,-0.047,178.6,0.17,3.2,3.1,-0.07,33364.11,-1.126,1.7768e-06,17.28
2026-06-27 04:29:17,60370.5,-0.127,-0.127,217.4,0.17,3.1,3.1,0.03,33526.2,0.486,8.1632e-06,47.98
2026-06-27 07:36:08,60406.5,-0.7,-0.7,194.4,0.17,3.2,3.1,-0.08,33862.09,1.002,1.7984e-06,37.74
2026-06-27 09:39:19,60381.5,-0.501,-0.501,191.2,0.17,3.1,3.1,-0.04,33863.94,0.005,-2.1818e-06,23.53
2026-06-27 11:14:12,60370.5,0.335,0.335,153.2,0.17,3.1,3.2,0.03,33790.34,-0.217,-4.535e-07,15.2
2026-06-27 12:19:59,60261.5,0.292,0.292,207.3,0.17,0.0,3.1,0.01,34010.23,0.651,-6.887e-06,-1.99
2026-06-27 14:10:54,60560.5,-0.16,-0.16,173.5,0.17,3.1,0.0,0.01,33602.08,-1.2,2.7519e-06,33.19
2026-06-27 15:38:11,60894.5,0.689,0.689,195.3,0.16,0.0,3.0,0.08,33622.3,0.06,9.2053e-06,61.48
2026-06-27 16:43:50,60755.5,-0.148,-0.148,237.8,0.16,3.0,0.0,0.03,33883.85,0.778,1.22428e-05,27.1
2026-06-27 17:45:55,60546.5,-0.141,-0.141,218.5,0.17,3.2,0.0,-0.02,33730.77,-0.452,1.09698e-05,-5.13
2026-06-27 18:54:20,60497.5,0.277,0.277,212.5,0.17,0.0,3.2,-0.0,33773.99,0.128,6.8012e-06,-9.29
2026-06-27 20:02:40,60207.5,-0.177,-0.177,234.9,0.83,3.2,3.1,-0.4,33542.34,-0.686,9.1588e-06,-40.28
2026-06-27 21:14:46,60345.5,0.198,0.198,201.5,0.17,3.4,3.1,0.0,33657.35,0.343,4.4081e-06,-12.04
2026-06-27 22:17:15,59902.5,-0.728,-0.728,151.7,0.17,3.1,0.0,-0.07,33504.95,-0.453,-4.669e-07,-60.2
2026-06-27 23:30:15,59954.5,-0.543,-0.543,215.3,0.17,3.3,0.0,-0.08,33741.48,0.706,-7.4725e-06,-36.16
2026-06-28 01:35:06,60201.5,0.056,0.056,238.6,0.17,0.0,3.1,0.05,33948.04,0.612,-1.361e-07,3.52
2026-06-28 05:58:49,59951.5,-0.202,-0.202,198.4,0.17,3.1,3.1,0.05,33878.93,-0.204,1.5336e-06,-26.71
2026-06-28 08:54:30,60373.5,0.367,0.367,244.4,0.17,3.2,3.1,0.02,33749.31,-0.383,-2.5259e-06,30.39
2026-06-28 10:59:04,60131.5,-0.336,-0.336,155.0,0.17,3.2,3.1,-0.05,33508.38,-0.714,-6.7344e-06,-6.83
2026-06-28 12:17:27,60221.5,0.441,0.441,210.4,0.17,3.2,0.0,0.08,33656.45,0.442,1.09859e-05,5.68
2026-06-28 14:18:43,60093.5,0.002,0.002,163.7,0.17,3.1,3.1,0.06,33514.56,-0.422,4.1392e-06,-10.93
2026-06-28 15:43:32,59927.5,0.098,0.098,174.4,0.17,0.0,0.0,0.07,33641.15,0.378,-3.6777e-06,-27.09
2026-06-28 16:48:26,59687.5,0.082,0.082,135.7,0.17,0.0,3.3,0.02,33719.71,0.234,-5.9584e-06,-47.19
2026-06-28 17:53:49,59559.5,-0.601,-0.601,196.4,0.17,3.1,0.0,-0.05,33768.71,0.145,2.6372e-06,-48.15
2026-06-28 18:58:58,59581.5,0.138,0.138,145.4,0.17,3.1,0.0,0.08,33796.49,0.082,7.1898e-06,-31.1
2026-06-28 20:15:06,59627.5,-0.331,-0.331,207.7,0.17,3.3,3.1,-0.06,33920.57,0.367,3.9458e-06,-16.35
2026-06-28 21:31:08,59682.5,-0.229,-0.229,151.7,0.17,3.3,3.3,0.04,33848.85,-0.211,4.2976e-06,-5.01
2026-06-28 22:36:57,59286.5,0.518,0.518,110.2,0.17,3.1,3.1,0.07,33603.29,-0.725,8.4912e-06,-50.32
2026-06-28 23:43:22,59727.5,0.055,0.055,189.8,0.17,3.3,3.1,0.01,33687.07,0.249,1.05084e-05,16.74
2026-06-29 01:54:40,59462.5,0.577,0.577,157.0,0.17,3.1,3.1,0.08,33532.83,-0.458,4.8339e-06,-19.41
2026-06-29 06:28:37,60141.5,0.446,0.446,195.3,0.17,3.1,3.1,0.02,33603.01,0.209,6.3569e-06,65.6
2026-06-29 11:32:25,60077.5,-0.348,-0.348,154.8,0.17,3.2,0.0,-0.01,34193.94,1.759,3.5897e-06,38.54
2026-06-29 15:00:30,59407.5,0.474,0.474,227.5,0.17,3.1,3.3,0.08,34508.66,0.92,1.25e-05,-51.68
2026-06-29 17:43:56,60504.5,0.038,0.038,232.2,0.17,3.2,0.0,-0.07,35229.13,2.088,2.1547e-06,91.44
2026-06-29 19:25:43,60338.5,-0.547,-0.547,195.6,0.17,3.1,3.1,-0.08,35111.0,-0.335,1.10557e-05,44.92
2026-06-29 21:05:56,60238.5,-0.418,-0.418,193.2,0.17,3.2,0.0,0.02,35053.67,-0.163,4.2028e-06,19.85
2026-06-29 22:17:54,60438.5,-0.383,-0.383,160.5,0.17,0.0,3.1,-0.07,34959.1,-0.27,5.1223e-06,37.04
2026-06-29 23:18:52,60305.5,0.042,0.042,166.2,0.17,3.1,3.2,0.05,34952.4,-0.019,2.2109e-06,10.51
2026-06-30 01:28:15,59978.5,-0.058,-0.058,168.0,0.17,3.3,3.3,0.01,34798.75,-0.44,9.6899e-06,-30.75
2026-06-30 05:44:47,59544.5,-0.472,-0.472,197.5,0.17,0.0,3.4,-0.07,34288.63,-1.466,1.25e-05,-72.71
2026-06-30 08:47:10,59207.5,0.211,0.211,125.1,0.17,0.0,3.3,-0.07,34579.5,0.848,1.25e-05,-91.02
2026-06-30 11:34:43,59110.5,0.794,0.794,374.8,0.17,3.1,3.1,0.08,34900.19,0.927,1.13901e-05,-75.29
2026-06-30 13:27:07,58477.5,-0.288,-0.288,244.6,0.17,3.5,3.3,0.08,35067.72,0.48,5.3701e-06,-129.02
2026-06-30 16:02:45,58385.5,-0.54,-0.54,192.3,0.17,3.2,0.0,0.0,35410.65,0.978,1.06523e-05,-101.48
2026-06-30 18:06:48,58356.5,0.055,0.055,196.2,0.17,3.2,3.2,0.07,35893.06,1.362,1.25e-05,-74.55
2026-06-30 20:14:22,58841.5,-0.372,-0.372,194.4,0.17,3.3,3.1,0.0,35914.54,0.06,1.20054e-05,5.94
2026-06-30 21:47:38,58556.5,-0.112,-0.112,215.9,0.17,3.2,3.2,-0.08,36131.14,0.603,1.8677e-06,-29.9
2026-06-30 22:58:52,58580.5,-0.662,-0.662,249.6,0.17,3.2,0.0,-0.08,36162.81,0.088,6.8149e-06,-18.01
2026-07-01 00:06:24,58700.5,-0.216,-0.216,204.6,0.17,3.3,3.3,0.08,36048.73,-0.315,1.25e-05,1.68
2026-07-01 04:50:04,59366.5,0.757,0.757,237.5,0.17,3.1,3.1,0.08,36109.95,0.17,1.25e-05,79.72
2026-07-01 08:41:43,58618.5,-0.075,-0.075,287.6,0.17,3.3,3.2,-0.02,36466.93,0.989,7.9734e-06,-32.87
2026-07-01 11:43:17,58626.5,-0.34,-0.34,245.0,0.17,0.0,0.0,-0.08,36955.38,1.339,1.25e-05,-22.05
2026-07-01 13:54:51,59372.5,0.197,0.197,78.4,0.17,3.1,3.1,-0.04,36955.79,0.001,1.01584e-05,72.78
2026-07-01 16:16:48,60066.5,0.617,0.617,230.7,0.17,0.0,3.2,0.01,36275.03,-1.842,1.25e-05,131.13
2026-07-01 18:18:26,60098.5,0.355,0.355,270.8,0.17,0.0,0.0,-0.04,35826.24,-1.237,1.25e-05,95.49
2026-07-01 20:17:31,59930.5,-0.056,-0.056,231.9,0.17,3.3,3.1,-0.02,35317.83,-1.419,1.25e-05,47.41
2026-07-01 21:51:06,60811.5,0.341,0.341,214.3,0.16,0.0,3.0,-0.0,36019.43,1.987,1.25e-05,134.1
2026-07-01 22:57:36,60436.5,-0.333,-0.333,213.8,0.17,3.1,0.0,-0.02,35274.97,-2.067,1.25e-05,51.03
2026-07-02 00:05:43,59922.5,-0.346,-0.346,215.5,0.17,0.0,3.1,-0.08,35521.75,0.7,1.25e-05,-23.98
2026-07-02 04:17:24,60966.5,0.702,0.702,161.4,0.16,0.0,3.2,0.07,35747.85,0.637,1.25e-05,103.41
2026-07-02 07:46:08,60131.0,-0.908,-0.908,144.8,0.33,3.2,0.0,-0.17,35800.34,0.147,1.25e-05,-23.84
2026-07-02 10:22:30,61147.5,0.834,0.834,188.2,0.16,0.0,3.0,0.08,35701.01,-0.277,1.25e-05,99.96
2026-07-02 12:24:02,61209.5,-0.107,-0.107,152.2,0.16,3.2,3.2,-0.05,35884.58,0.514,1.25e-05,77.05
2026-07-02 14:34:38,61623.5,0.621,0.621,174.3,0.16,3.3,0.0,0.08,37371.37,4.143,1.25e-05,100.61
2026-07-02 16:22:58,61461.5,-0.473,-0.473,190.8,0.16,3.0,3.3,-0.07,37593.08,0.593,1.25e-05,52.16
2026-07-02 18:08:19,61804.5,0.34,0.34,135.1,0.16,0.0,3.2,-0.02,37240.62,-0.938,1.25e-05,75.12
2026-07-02 19:47:07,61566.5,-0.392,-0.392,212.7,0.16,3.0,3.2,-0.06,36064.76,-3.157,1.25e-05,25.75
2026-07-02 20:46:01,61395.5,-0.047,-0.047,161.3,0.16,3.0,0.0,0.06,36813.42,2.076,1.25e-05,-1.42
2026-07-02 21:51:16,61530.5,0.5,0.5,138.3,0.16,0.0,3.2,0.05,36967.86,0.42,1.25e-05,14.35
2026-07-02 22:51:56,61529.5,0.076,0.076,135.5,0.16,3.0,0.0,-0.07,36954.38,-0.036,1.25e-05,9.87
2026-07-02 23:51:19,61580.5,-0.275,-0.275,129.6,0.16,0.0,0.0,-0.01,36763.08,-0.518,1.25e-05,12.77
2026-07-03 01:22:19,61625.5,0.653,0.653,91.5,0.16,3.0,0.0,0.06,36703.55,-0.162,1.25e-05,14.04
2026-07-03 05:03:16,61503.5,-0.035,-0.035,132.7,0.16,3.2,0.0,-0.07,36541.26,-0.442,1.25e-05,-4.1
2026-07-03 08:18:57,61794.5,0.244,0.244,118.1,0.16,0.0,3.2,0.01,37224.55,1.87,1.25e-05,30.04
2026-07-03 11:02:58,61950.5,0.18,0.18,114.6,0.16,3.1,3.3,0.01,37131.08,-0.251,1.25e-05,38.6
2026-07-03 13:03:07,62031.5,0.322,0.322,155.0,0.16,0.0,0.0,0.06,36901.55,-0.618,1.25e-05,36.14
2026-07-03 15:18:55,62140.5,0.38,0.38,177.2,0.16,0.0,0.0,0.08,36487.52,-1.122,1.25e-05,37.45
2026-07-03 16:47:51,62045.5,-0.257,-0.257,166.3,0.16,3.1,0.0,-0.08,36367.54,-0.329,1.25e-05,15.57
2026-07-03 18:04:04,62166.5,0.654,0.654,166.9,0.16,0.0,3.1,0.08,36449.7,0.226,1.25e-05,24.55
2026-07-03 19:42:50,62265.5,0.232,0.232,133.5,0.16,0.0,3.1,0.04,36352.1,-0.268,1.25e-05,28.19
2026-07-03 20:43:35,62717.5,0.009,0.009,161.9,0.16,3.1,0.0,-0.0,36080.41,-0.747,1.25e-05,70.12
2026-07-03 21:45:54,62638.5,0.019,0.019,106.2,0.16,0.0,3.3,0.05,36487.98,1.13,1.25e-05,40.22
2026-07-03 22:43:55,62586.5,0.496,0.496,215.5,0.16,3.1,3.1,-0.02,35525.49,-2.638,1.25e-05,22.36
2026-07-03 23:43:36,62666.5,0.163,0.163,254.8,0.16,0.0,3.1,0.05,35678.63,0.431,1.25e-05,24.53
2026-07-04 01:17:14,62536.5,0.309,0.309,147.8,0.16,0.0,0.0,-0.03,35382.13,-0.831,1.25e-05,2.67
2026-07-04 04:54:43,62666.5,0.173,0.173,171.0,0.16,0.0,0.0,0.08,34929.3,-1.28,1.25e-05,16.36
2026-07-04 07:37:11,62479.5,-0.305,-0.305,154.0,0.16,0.0,0.0,0.03,34762.16,-0.479,1.25e-05,-9.45
2026-07-04 09:48:19,62482.5,-0.069,-0.069,178.3,0.16,0.0,0.0,-0.08,34581.38,-0.52,1.25e-05,-6.26
2026-07-04 11:12:44,62490.5,0.155,0.155,156.5,0.16,3.1,0.0,0.01,34609.35,0.081,1.25e-05,-3.5
2026-07-04 12:17:41,62550.5,0.37,0.37,140.3,0.16,0.0,0.0,0.02,34624.02,0.042,1.25e-05,4.27
2026-07-04 14:02:19,62625.5,-0.46,-0.46,151.8,0.16,0.0,3.1,-0.07,34487.29,-0.395,1.25e-05,11.36
2026-07-04 15:15:04,62822.5,0.036,0.036,156.9,0.16,0.0,0.0,0.05,34161.59,-0.944,1.25e-05,29.88
2026-07-04 16:16:30,62793.5,0.827,0.827,249.8,0.16,0.0,0.0,0.08,34227.06,0.192,1.25e-05,17.7
2026-07-04 17:29:15,62969.5,-0.526,-0.526,177.9,0.16,0.0,0.0,-0.04,34798.38,1.669,1.25e-05,31.9
2026-07-04 18:33:21,63109.5,0.252,0.252,181.5,0.16,0.0,0.0,-0.07,34989.64,0.55,1.25e-05,37.79
2026-07-04 19:47:51,63322.5,-0.392,-0.392,146.2,0.16,0.0,3.1,-0.08,35239.31,0.714,1.25e-05,49.9
2026-07-04 20:37:29,63239.5,0.058,0.058,177.2,0.16,3.4,3.1,-0.0,34985.36,-0.721,1.25e-05,25.78
2026-07-04 21:35:25,63374.5,-0.44,-0.44,126.6,0.16,3.1,3.2,-0.05,35272.3,0.82,1.25e-05,32.93
2026-07-04 22:34:19,63219.5,0.039,0.039,96.3,0.16,0.0,0.0,-0.0,34696.38,-1.633,1.25e-05,5.93
2026-07-04 23:37:11,63140.5,-0.151,-0.151,121.6,0.16,0.0,0.0,0.02,34954.32,0.743,1.25e-05,-4.61
2026-07-05 01:20:44,62892.5,0.401,0.401,154.8,0.16,3.1,3.1,0.01,35041.09,0.248,1.25e-05,-30.88
2026-07-05 05:12:40,62751.5,-0.181,-0.181,129.3,0.16,0.0,0.0,-0.07,34683.24,-1.021,1.25e-05,-37.39
2026-07-05 08:16:42,63028.5,-0.387,-0.387,138.1,0.16,0.0,0.0,-0.07,34935.62,0.728,1.25e-05,4.71
2026-07-05 10:29:35,62699.5,-0.093,-0.093,155.3,0.16,3.1,0.0,0.05,34935.52,-0.0,1.25e-05,-33.42
2026-07-05 11:55:39,62656.5,0.638,0.638,158.7,0.16,0.0,3.1,0.04,34880.3,-0.158,1.25e-05,-28.2
2026-07-05 13:15:37,62718.5,-0.131,-0.131,136.8,0.16,3.1,3.1,-0.06,35466.67,1.681,1.25e-05,-12.81
2026-07-05 14:53:47,62727.5,-0.173,-0.173,147.5,0.16,0.0,0.0,-0.04,35354.8,-0.315,1.25e-05,-7.95
2026-07-05 15:58:41,62739.5,-0.295,-0.295,169.4,0.16,0.0,0.0,-0.04,35355.37,0.002,1.25e-05,-4.22
2026-07-05 17:12:22,62715.5,-0.47,-0.47,158.5,0.16,0.0,0.0,-0.03,35510.68,0.439,1.25e-05,-5.64
2026-07-05 18:15:53,62666.5,-0.074,-0.074,165.5,0.16,0.0,0.0,0.06,35372.99,-0.388,1.25e-05,-9.43
2026-07-05 19:43:54,62765.5,0.34,0.34,132.7,0.16,0.0,0.0,-0.04,35602.78,0.65,1.25e-05,4.45
2026-07-05 20:40:35,62729.5,0.256,0.256,167.9,0.16,0.0,3.1,-0.06,35530.58,-0.203,1.25e-05,-0.92
2026-07-05 21:39:51,62943.5,-0.087,-0.087,110.4,0.16,0.0,3.1,-0.01,35950.87,1.183,1.25e-05,23.16
2026-07-05 22:38:06,63630.5,-0.223,-0.223,138.6,0.16,0.0,3.1,-0.08,35525.59,-1.183,1.25e-05,91.6
2026-07-05 23:41:19,63661.5,0.548,0.548,189.6,0.16,0.0,0.0,-0.01,35709.15,0.517,1.25e-05,67.48
2026-07-06 01:22:39,63765.5,-0.634,-0.634,155.4,0.16,0.0,0.0,-0.07,35468.68,-0.673,1.25e-05,58.56
2026-07-06 04:16:20,63308.5,-0.561,-0.561,180.7,0.16,0.0,0.0,-0.08,35232.47,-0.666,1.25e-05,-9.24
2026-07-06 04:16:41,63332.5,0.291,0.291,135.8,0.16,0.0,0.0,0.08,35232.99,0.0015,1.25e-05,-3.82
2026-07-06 04:17:01,63332.5,-0.316,-0.316,151.5,0.16,3.1,3.1,-0.03,35233.24,0.0007,1.25e-05,-2.66
2026-07-06 04:17:22,63328.5,-0.362,-0.362,199.5,0.16,0.0,3.1,-0.06,35233.23,-0.0,1.25e-05,-2.3
2026-07-06 04:17:42,63311.5,-0.666,-0.666,206.9,0.16,3.1,0.0,-0.08,35233.6,0.001,1.25e-05,-3.47
2026-07-06 04:18:03,63305.5,-0.362,-0.362,181.6,0.16,0.0,0.0,-0.05,35233.86,0.0007,1.25e-05,-3.08
2026-07-06 04:18:24,63306.5,-0.407,-0.407,157.6,0.16,3.1,0.0,-0.06,35233.71,-0.0004,1.25e-05,-2.07
2026-07-06 04:18:44,63309.5,0.06,0.06,130.9,0.16,0.0,0.0,0.03,35233.62,-0.0003,1.25e-05,-1.09
2026-07-06 04:19:05,63324.5,-0.342,-0.342,196.0,0.16,3.1,0.0,-0.06,35233.53,-0.0003,1.25e-05,0.9
2026-07-06 04:19:26,63324.5,-0.111,-0.111,156.3,0.16,0.0,0.0,-0.02,35233.56,0.0001,1.25e-05,0.63
2026-07-06 04:19:47,63327.5,-0.474,-0.474,181.2,0.16,3.1,3.1,-0.07,35233.16,-0.0011,1.25e-05,0.77
2026-07-06 04:20:08,63327.5,-0.387,-0.387,191.0,0.16,3.1,3.1,-0.04,35233.75,0.0017,1.25e-05,0.54
2026-07-06 04:20:28,63346.5,-0.204,-0.204,168.5,0.16,0.0,0.0,-0.02,35232.69,-0.003,1.25e-05,2.48
2026-07-06 04:20:49,63344.5,-0.852,-0.852,229.1,0.16,3.1,0.0,-0.08,35239.52,0.0194,1.25e-05,1.52
2026-07-06 04:21:09,63347.5,-0.539,-0.539,174.9,0.16,3.1,0.0,-0.08,35239.3,-0.0006,1.25e-05,1.39
2026-07-06 04:21:30,63345.5,-0.685,-0.685,199.8,0.16,3.1,0.0,-0.07,35239.53,0.0007,1.25e-05,0.75
2026-07-06 04:21:51,63344.5,-0.538,-0.538,186.5,0.16,3.1,0.0,-0.05,35238.63,-0.0026,1.25e-05,0.4
2026-07-06 04:22:11,63344.5,-0.354,-0.354,189.7,0.16,3.1,0.0,-0.03,35238.49,-0.0004,1.25e-05,0.22
2026-07-06 04:22:32,63344.5,-0.404,-0.404,197.2,0.16,3.1,0.0,-0.04,35238.47,-0.0001,1.25e-05,0.15
2026-07-06 04:22:53,63344.5,-0.487,-0.487,186.7,0.16,3.1,0.0,-0.06,35237.86,-0.0017,1.25e-05,0.1
2026-07-06 04:23:13,63314.5,-0.251,-0.251,182.3,0.16,3.2,3.2,0.04,35237.86,0.0,1.25e-05,-3.21
2026-07-06 04:23:34,63316.5,-0.229,-0.229,164.6,0.16,0.0,3.1,0.05,35238.98,0.0032,1.25e-05,-2.03
2026-07-06 04:23:54,63311.5,-0.517,-0.517,194.5,0.16,3.1,0.0,-0.05,35239.04,0.0002,1.25e-05,-1.97
2026-07-06 04:24:15,63311.5,-0.363,-0.363,170.7,0.16,0.0,0.0,-0.04,35239.88,0.0024,1.25e-05,-1.38
2026-07-06 04:24:35,63301.5,-0.295,-0.295,150.2,0.16,0.0,3.1,0.01,35239.89,0.0,1.25e-05,-2.07
2026-07-06 04:24:56,63288.5,-0.648,-0.648,203.3,0.16,0.0,0.0,-0.07,35240.05,0.0005,1.25e-05,-2.89
2026-07-06 04:25:16,63249.5,-0.675,-0.675,190.0,0.16,0.0,3.1,-0.07,35241.85,0.0051,1.25e-05,-6.34
2026-07-06 04:25:37,63237.5,-0.745,-0.745,205.9,0.16,0.0,0.0,-0.08,35243.38,0.0043,1.25e-05,-5.77
2026-07-06 04:25:58,63225.5,-0.713,-0.713,201.0,0.16,3.1,0.0,-0.08,35243.87,0.0014,1.25e-05,-5.37
2026-07-06 04:26:18,63215.5,-0.357,-0.357,155.8,0.16,0.0,0.0,0.01,35245.42,0.0044,1.25e-05,-4.86
2026-07-06 04:26:39,63216.5,-0.559,-0.559,205.5,0.16,3.1,0.0,-0.05,35246.02,0.0017,1.25e-05,-3.29
2026-07-06 04:27:00,63211.5,-0.396,-0.396,194.4,0.16,0.0,0.0,-0.01,35246.45,0.0012,1.25e-05,-2.86
2026-07-06 04:27:20,63211.5,-0.484,-0.484,174.0,0.16,3.1,0.0,-0.06,35245.89,-0.0016,1.25e-05,-2.0
2026-07-06 04:27:41,63197.5,-0.609,-0.609,187.8,0.16,3.1,0.0,-0.08,35246.7,0.0023,1.25e-05,-2.95
2026-07-06 04:28:01,63200.5,-0.467,-0.467,149.2,0.16,3.1,0.0,-0.02,35242.13,-0.013,1.25e-05,-1.74
2026-07-06 04:28:22,63179.5,-0.5,-0.5,165.9,0.16,0.0,0.0,-0.08,35243.08,0.0027,1.25e-05,-3.54
2026-07-06 04:28:42,63193.5,-0.379,-0.379,155.9,0.16,3.1,3.1,-0.04,35249.1,0.0171,1.25e-05,-0.93
2026-07-06 04:29:03,63193.5,-0.1,-0.1,159.1,0.16,3.1,0.0,-0.02,35249.92,0.0023,1.25e-05,-0.65
2026-07-06 04:29:24,63214.5,-0.116,-0.116,166.0,0.16,3.1,0.0,-0.02,35248.46,-0.0041,1.25e-05,1.87
2026-07-06 04:29:44,63224.5,-0.291,-0.291,197.6,0.16,0.0,3.1,-0.07,35248.65,0.0005,1.25e-05,2.42
2026-07-06 04:30:05,63212.5,-0.613,-0.613,177.9,0.16,0.0,0.0,-0.08,35248.71,0.0002,1.25e-05,0.37
2026-07-06 04:30:25,63221.5,0.361,0.361,194.6,0.16,0.0,3.1,0.08,35251.36,0.0075,1.25e-05,1.25
2026-07-06 04:30:46,63228.5,-0.461,-0.461,203.5,0.16,0.0,0.0,-0.05,35251.15,-0.0006,1.25e-05,1.65
2026-07-06 04:31:07,63225.5,-0.603,-0.603,201.8,0.16,0.0,0.0,-0.08,35251.12,-0.0001,1.25e-05,0.82
2026-07-06 04:31:28,63231.5,-0.408,-0.408,172.9,0.16,0.0,3.1,-0.06,35251.05,-0.0002,1.25e-05,1.24
2026-07-06 04:31:48,63214.5,-0.06,-0.06,148.2,0.16,0.0,3.1,-0.01,35246.58,-0.0127,1.25e-05,-1.01
2026-07-06 04:32:09,63197.5,-0.808,-0.808,336.7,0.16,0.0,0.0,-0.07,35253.49,0.0196,1.25e-05,-2.59
2026-07-06 04:32:30,63208.5,0.323,0.323,180.8,0.16,0.0,3.1,0.08,35254.38,0.0025,1.25e-05,-0.59
2026-07-06 04:32:50,63225.5,0.41,0.41,168.8,0.16,0.0,0.0,0.08,35254.19,-0.0006,1.25e-05,1.47
2026-07-06 04:33:11,63246.5,-0.068,-0.068,158.6,0.16,0.0,0.0,-0.0,35254.2,0.0,1.25e-05,3.35
2026-07-06 04:33:32,63251.5,-0.742,-0.742,181.6,0.16,0.0,3.1,-0.08,35253.84,-0.001,1.25e-05,2.9
2026-07-06 04:33:53,63271.0,-0.045,-0.045,205.8,0.63,3.0,3.0,0.28,35227.79,-0.0739,1.25e-05,4.19
2026-07-06 04:34:14,63298.5,0.087,0.087,164.6,0.16,3.1,3.1,0.08,35203.93,-0.0677,1.25e-05,5.97
2026-07-06 04:34:34,63305.5,-0.839,-0.839,191.6,0.16,0.0,0.0,-0.08,35196.71,-0.0205,1.25e-05,4.95
2026-07-06 04:34:55,63260.5,-0.397,-0.397,188.8,0.16,3.1,0.0,0.02,35196.62,-0.0003,1.25e-05,-1.51
2026-07-06 04:35:16,63245.5,-0.577,-0.577,180.6,0.16,0.0,0.0,-0.01,35196.67,0.0001,1.25e-05,-2.71
2026-07-06 04:35:36,63252.5,-0.68,-0.68,191.6,0.16,0.0,0.0,-0.04,35196.84,0.0005,1.25e-05,-1.13
2026-07-06 04:35:57,63288.5,0.144,0.144,269.6,0.16,0.0,3.1,0.07,35196.94,0.0003,1.25e-05,3.19
2026-07-06 04:36:18,63293.5,-0.279,-0.279,200.5,0.16,0.0,3.1,0.08,35196.97,0.0001,1.25e-05,2.79
2026-07-06 05:42:05,63121.5,0.665,0.665,189.3,0.16,0.0,0.0,0.08,35168.15,-0.0819,1.25e-05,-17.12
2026-07-06 05:42:26,63123.5,-0.269,-0.269,155.7,0.16,0.0,0.0,-0.05,35167.9,-0.0007,1.25e-05,-11.76
2026-07-06 05:42:46,63117.5,-0.132,-0.132,162.8,0.16,3.1,3.1,-0.06,35167.92,0.0001,1.25e-05,-8.9
2026-07-06 05:43:07,63116.5,0.319,0.319,142.8,0.16,3.1,0.0,0.07,35159.68,-0.0234,1.25e-05,-6.34
2026-07-06 05:43:27,63141.5,-0.453,-0.453,173.9,0.16,3.1,3.1,-0.07,35159.83,0.0004,1.25e-05,-1.67
2026-07-06 05:43:48,63127.5,0.247,0.247,155.4,0.16,0.0,0.0,0.0,35165.77,0.0169,1.25e-05,-2.72
2026-07-06 05:44:08,63127.5,0.663,0.663,158.2,0.16,0.0,0.0,0.08,35166.17,0.0011,1.25e-05,-1.9
2026-07-06 05:44:29,63139.5,-0.255,-0.255,133.1,0.16,0.0,0.0,-0.08,35166.3,0.0004,1.25e-05,0.0
2026-07-06 05:44:49,63131.5,-0.319,-0.319,145.2,0.16,0.0,0.0,-0.08,35169.79,0.0099,1.25e-05,-0.89
2026-07-06 05:45:10,63095.5,-0.16,-0.16,160.3,0.16,3.1,3.1,0.02,35165.02,-0.0136,1.25e-05,-4.62
2026-07-06 05:45:30,63108.5,0.315,0.315,163.4,0.16,3.1,0.0,0.07,35164.12,-0.0025,1.25e-05,-1.79
2026-07-06 05:45:51,63108.5,0.35,0.35,164.4,0.16,3.1,3.1,0.07,35164.15,0.0001,1.25e-05,-1.25
2026-07-06 05:46:11,63090.5,-0.558,-0.558,182.2,0.16,3.1,0.0,-0.05,35163.97,-0.0005,1.25e-05,-2.88
2026-07-06 05:46:32,63081.5,-0.051,-0.051,194.5,0.16,3.1,0.0,0.0,35164.91,0.0027,1.25e-05,-3.02
2026-07-06 05:46:52,63083.5,0.286,0.286,174.3,0.16,0.0,0.0,0.07,35164.44,-0.0013,1.25e-05,-1.89
2026-07-06 05:47:13,63083.5,0.568,0.568,166.6,0.16,0.0,3.1,0.06,35163.8,-0.0018,1.25e-05,-1.32
2026-07-06 05:47:33,63072.5,-0.153,-0.153,182.7,0.16,0.0,0.0,-0.05,35162.1,-0.0048,1.25e-05,-2.14
2026-07-06 05:47:54,63070.5,-0.002,-0.002,143.5,0.16,0.0,0.0,0.03,35161.84,-0.0007,1.25e-05,-1.72
2026-07-06 05:48:14,63077.5,0.55,0.55,152.7,0.16,0.0,0.0,0.06,35159.39,-0.007,1.25e-05,-0.43
2026-07-06 05:48:35,63074.5,0.313,0.313,150.8,0.16,0.0,0.0,-0.02,35158.02,-0.0039,1.25e-05,-0.64
2026-07-06 05:48:55,63073.5,0.146,0.146,176.3,0.16,3.1,3.1,-0.03,35157.42,-0.0017,1.25e-05,-0.54
2026-07-06 05:49:16,63076.5,0.298,0.298,177.4,0.16,3.1,0.0,0.04,35152.73,-0.0133,1.25e-05,-0.05
2026-07-06 05:49:36,63076.5,0.457,0.457,173.3,0.16,3.1,0.0,0.02,35152.97,0.0007,1.25e-05,-0.03
2026-07-06 05:49:57,63111.5,0.403,0.403,170.6,0.16,3.1,0.0,-0.07,35153.84,0.0025,1.25e-05,3.86
2026-07-06 05:50:18,63086.5,0.002,0.002,153.4,0.16,3.1,3.1,-0.05,35154.55,0.002,1.25e-05,-0.07
2026-07-06 05:50:39,63114.5,0.162,0.162,153.7,0.16,0.0,3.1,-0.04,35153.74,-0.0023,1.25e-05,3.06
2026-07-06 05:50:59,63114.5,-0.219,-0.219,152.3,0.16,0.0,0.0,-0.06,35153.22,-0.0015,1.25e-05,2.14
2026-07-06 05:51:20,63105.5,-0.492,-0.492,182.0,0.16,3.1,3.1,-0.08,35153.22,0.0,1.25e-05,0.5
2026-07-06 05:51:40,63103.5,-0.277,-0.277,138.5,0.16,3.1,0.0,-0.06,35153.3,0.0002,1.25e-05,0.13
2026-07-06 05:52:01,63101.5,-0.386,-0.386,165.8,0.16,0.0,0.0,-0.06,35152.57,-0.0021,1.25e-05,-0.13
2026-07-06 05:52:21,63104.5,0.709,0.709,218.6,0.16,0.0,3.1,0.07,35152.16,-0.0012,1.25e-05,0.24
2026-07-06 05:52:42,63104.5,0.3,0.3,178.6,0.16,0.0,3.1,0.01,35151.86,-0.0009,1.25e-05,0.17
2026-07-06 05:53:02,63104.5,0.233,0.233,159.2,0.16,3.1,3.1,-0.04,35151.78,-0.0002,1.25e-05,0.12
2026-07-06 05:53:23,63125.5,0.22,0.22,145.0,0.16,0.0,0.0,0.01,35149.62,-0.0061,1.25e-05,2.41
2026-07-06 05:53:43,63137.5,-0.08,-0.08,150.5,0.16,0.0,3.2,-0.08,35147.72,-0.0054,1.25e-05,3.02
2026-07-06 05:54:04,63133.5,0.262,0.262,149.9,0.16,0.0,0.0,-0.01,35147.49,-0.0006,1.25e-05,1.67
2026-07-06 05:54:24,63149.5,0.55,0.55,204.7,0.16,0.0,0.0,0.07,35145.63,-0.0053,1.25e-05,2.94
2026-07-06 05:54:45,63156.5,0.116,0.116,159.4,0.16,0.0,3.1,-0.07,35147.6,0.0056,1.25e-05,2.84
2026-07-06 05:55:06,63142.5,0.216,0.216,162.8,0.16,3.1,3.1,-0.02,35146.93,-0.0019,1.25e-05,0.43
2026-07-06 05:55:26,63134.5,0.009,0.009,144.2,0.16,0.0,0.0,-0.05,35148.29,0.0039,1.25e-05,-0.58
2026-07-06 05:55:47,63134.5,0.596,0.596,145.5,0.16,0.0,0.0,0.08,35147.92,-0.001,1.25e-05,-0.41
2026-07-06 05:56:07,63144.5,-0.098,-0.098,134.3,0.16,0.0,0.0,-0.05,35148.02,0.0003,1.25e-05,0.82
2026-07-06 05:56:28,63144.5,-0.373,-0.373,148.4,0.16,0.0,0.0,-0.08,35148.02,-0.0,1.25e-05,0.58
2026-07-06 05:56:48,63136.5,-0.227,-0.227,160.3,0.16,0.0,0.0,-0.06,35147.59,-0.0012,1.25e-05,-0.49
2026-07-06 05:57:09,63136.5,0.337,0.337,167.6,0.16,0.0,0.0,0.03,35147.57,-0.0001,1.25e-05,-0.34
2026-07-06 05:57:29,63136.5,0.319,0.319,167.1,0.16,3.1,0.0,0.05,35147.59,0.0001,1.25e-05,-0.24
2026-07-06 05:57:50,63133.5,-0.73,-0.73,180.7,0.16,0.0,0.0,-0.08,35155.69,0.0231,1.25e-05,-0.5
2026-07-06 05:58:10,63125.5,-0.073,-0.073,147.0,0.16,3.1,0.0,0.0,35155.66,-0.0001,1.25e-05,-1.24
2026-07-06 05:58:31,63116.5,0.06,0.06,165.2,0.16,0.0,3.1,-0.06,35152.59,-0.0087,1.25e-05,-1.86
2026-07-06 05:58:51,63103.5,0.061,0.061,184.2,0.16,0.0,3.1,-0.04,35150.59,-0.0057,1.25e-05,-2.75
2026-07-06 05:59:13,63103.5,0.24,0.24,187.1,0.16,0.0,3.1,0.05,35149.8,-0.0023,1.25e-05,-1.92
2026-07-06 05:59:33,63107.5,-0.123,-0.123,194.3,0.16,0.0,3.1,-0.07,35149.32,-0.0014,1.25e-05,-0.9
2026-07-06 05:59:54,63107.5,-0.25,-0.25,177.6,0.16,3.1,3.1,-0.07,35149.54,0.0006,1.25e-05,-0.63
2026-07-06 06:00:14,63107.5,0.736,0.736,190.3,0.16,3.1,3.1,0.07,35149.33,-0.0006,1.25e-05,-0.44
2026-07-06 06:00:35,63117.5,-0.518,-0.518,162.5,0.16,0.0,0.0,-0.08,35149.34,0.0,1.25e-05,0.8
2026-07-06 06:00:55,63117.5,0.236,0.236,163.9,0.16,0.0,0.0,0.0,35149.3,-0.0001,1.25e-05,0.56
2026-07-06 06:01:16,63126.5,0.713,0.713,221.7,0.16,3.1,3.1,0.08,35145.79,-0.01,1.25e-05,1.39
2026-07-06 06:01:37,63105.5,-0.508,-0.508,179.4,0.16,3.1,0.0,-0.08,35145.65,-0.0004,1.25e-05,-1.36
2026-07-06 06:01:57,63084.5,-0.767,-0.767,152.7,0.16,3.1,3.1,-0.08,35139.14,-0.0185,1.25e-05,-3.28
2026-07-06 09:43:05,62702.5,-0.323,-0.323,206.3,0.16,0.0,0.0,0.01,35417.52,0.7922,1.25e-05,-44.96
2026-07-06 09:43:26,62702.5,-0.067,-0.067,208.2,0.16,0.0,0.0,0.04,35418.26,0.0021,1.25e-05,-31.47
2026-07-06 09:43:47,62702.5,-0.506,-0.506,207.4,0.16,0.0,0.0,0.01,35418.49,0.0006,1.25e-05,-22.03
2026-07-06 09:44:07,62702.5,-0.547,-0.547,206.0,0.16,0.0,0.0,0.01,35425.84,0.0208,1.25e-05,-15.42
2026-07-06 09:44:28,62687.5,-0.344,-0.344,187.9,0.16,3.1,0.0,0.05,35463.82,0.1072,1.25e-05,-12.47
2026-07-06 09:44:49,62687.5,0.395,0.395,181.7,0.16,0.0,0.0,0.07,35462.07,-0.0049,1.25e-05,-8.73
2026-07-06 09:45:09,62685.5,-0.619,-0.619,175.0,0.16,3.1,0.0,-0.07,35463.0,0.0026,1.25e-05,-6.33
2026-07-06 09:45:30,62678.5,-0.122,-0.122,206.6,0.16,3.1,0.0,0.06,35463.07,0.0002,1.25e-05,-5.22
2026-07-06 09:45:51,62668.5,0.081,0.081,167.6,0.16,3.1,0.0,0.05,35463.46,0.0011,1.25e-05,-4.77
2026-07-06 09:46:12,62661.5,0.128,0.128,173.3,0.16,0.0,3.1,0.05,35464.26,0.0023,1.25e-05,-4.12
2026-07-06 09:46:33,62665.5,0.485,0.485,164.8,0.16,0.0,0.0,0.08,35461.82,-0.0069,1.25e-05,-2.44
2026-07-06 09:46:53,62668.5,0.229,0.229,160.5,0.16,0.0,0.0,0.06,35462.67,0.0024,1.25e-05,-1.37
2026-07-06 09:47:14,62669.5,0.212,0.212,156.3,0.16,3.1,0.0,0.05,35463.16,0.0014,1.25e-05,-0.85
2026-07-06 09:47:35,62669.5,0.376,0.376,159.4,0.16,0.0,0.0,0.07,35463.34,0.0005,1.25e-05,-0.59
2026-07-06 09:47:56,62681.5,0.896,0.896,348.5,0.16,0.0,3.1,0.08,35463.24,-0.0003,1.25e-05,0.93
2026-07-06 09:48:17,62694.5,-0.286,-0.286,167.4,0.16,3.1,0.0,-0.06,35462.45,-0.0022,1.25e-05,2.1
2026-07-06 09:48:37,62669.5,-0.101,-0.101,161.7,0.16,3.1,0.0,0.04,35463.3,0.0024,1.25e-05,-1.32
2026-07-06 09:48:58,62660.5,-0.097,-0.097,201.2,0.16,3.1,3.1,0.06,35463.11,-0.0005,1.25e-05,-1.93
2026-07-06 09:49:19,62648.5,0.287,0.287,164.3,0.16,0.0,3.1,0.08,35463.23,0.0003,1.25e-05,-2.69
2026-07-06 09:49:40,62642.5,-0.726,-0.726,178.0,0.16,0.0,3.1,-0.08,35465.07,0.0052,1.25e-05,-2.55
2026-07-06 09:50:00,62630.5,0.746,0.746,298.9,0.16,3.3,0.0,0.08,35469.16,0.0115,1.25e-05,-3.09
2026-07-06 09:50:21,62657.5,0.003,0.003,173.8,0.16,0.0,0.0,0.06,35514.97,0.1292,1.25e-05,0.85
2026-07-06 09:50:42,62664.5,-0.42,-0.42,189.6,0.16,0.0,0.0,-0.08,35515.28,0.0009,1.25e-05,1.38
2026-07-06 09:51:03,62647.5,-0.209,-0.209,222.4,0.16,3.1,0.0,-0.08,35515.43,0.0004,1.25e-05,-0.93
2026-07-06 09:51:24,62644.5,0.453,0.453,222.0,0.16,3.1,3.1,0.08,35516.16,0.002,1.25e-05,-0.99
2026-07-06 09:51:44,62650.5,0.693,0.693,268.3,0.16,0.0,3.1,0.08,35514.55,-0.0045,1.25e-05,-0.02
2026-07-06 09:52:05,62652.5,0.874,0.874,283.1,0.16,0.0,3.1,0.08,35510.98,-0.01,1.25e-05,0.21
2026-07-06 09:52:26,62656.5,0.611,0.611,235.4,0.16,0.0,3.1,0.08,35510.49,-0.0014,1.25e-05,0.59
2026-07-06 09:52:46,62665.5,0.151,0.151,179.9,0.16,3.1,3.1,0.04,35510.42,-0.0002,1.25e-05,1.42
2026-07-06 09:53:07,62665.5,0.287,0.287,178.1,0.16,3.1,3.1,0.06,35511.21,0.0022,1.25e-05,1.0
2026-07-06 09:53:28,62680.5,-0.354,-0.354,175.3,0.16,0.0,0.0,-0.04,35513.41,0.0062,1.25e-05,2.37
2026-07-06 09:53:48,62683.5,0.262,0.262,174.5,0.16,0.0,3.1,0.06,35509.91,-0.0099,1.25e-05,1.99
2026-07-06 09:54:09,62683.5,0.457,0.457,171.0,0.16,0.0,3.1,0.07,35511.91,0.0056,1.25e-05,1.4
2026-07-06 09:54:30,62668.5,0.252,0.252,181.9,0.16,3.1,3.1,0.07,35510.5,-0.004,1.25e-05,-0.7
2026-07-06 09:54:50,62668.5,0.38,0.38,189.3,0.16,3.1,3.1,0.06,35510.27,-0.0007,1.25e-05,-0.49
2026-07-06 09:55:11,62668.5,0.275,0.275,155.6,0.16,3.1,0.0,0.05,35510.24,-0.0001,1.25e-05,-0.34
2026-07-06 09:55:32,62660.5,-0.036,-0.036,177.0,0.16,0.0,0.0,0.04,35510.44,0.0006,1.25e-05,-1.13
2026-07-06 09:55:52,62660.5,0.182,0.182,159.5,0.16,0.0,3.1,0.04,35510.33,-0.0003,1.25e-05,-0.79
2026-07-06 09:56:13,62660.5,0.366,0.366,177.4,0.16,0.0,3.1,0.07,35509.99,-0.001,1.25e-05,-0.55
2026-07-06 09:56:34,62673.5,0.577,0.577,184.1,0.16,3.1,3.1,0.07,35509.9,-0.0002,1.25e-05,1.07
2026-07-06 09:56:55,62666.5,-0.031,-0.031,144.8,0.16,0.0,0.0,-0.01,35510.2,0.0008,1.25e-05,-0.03
2026-07-06 09:57:15,62653.5,0.416,0.416,248.8,0.16,0.0,0.0,0.03,35510.24,0.0001,1.25e-05,-1.48
2026-07-06 09:57:36,62653.5,0.721,0.721,266.0,0.16,0.0,0.0,0.08,35509.94,-0.0008,1.25e-05,-1.04
2026-07-06 09:57:57,62656.5,0.681,0.681,210.7,0.16,0.0,3.1,0.08,35509.95,0.0,1.25e-05,-0.39
2026-07-06 09:58:18,62667.5,0.553,0.553,183.5,0.16,0.0,0.0,0.08,35508.57,-0.0039,1.25e-05,0.96
2026-07-06 09:58:39,62677.5,0.15,0.15,267.1,0.16,3.1,0.0,-0.06,35509.74,0.0033,1.25e-05,1.79
2026-07-06 09:58:59,62673.5,0.113,0.113,276.9,0.16,3.3,3.1,-0.07,35510.0,0.0007,1.25e-05,0.8
2026-07-06 09:59:20,62661.5,0.107,0.107,183.1,0.16,3.1,0.0,0.06,35510.93,0.0026,1.25e-05,-0.78
2026-07-06 09:59:41,62664.5,0.023,0.023,172.4,0.16,3.1,0.0,0.06,35520.45,0.0268,1.25e-05,-0.21
2026-07-06 10:00:01,62668.5,-0.295,-0.295,172.2,0.16,0.0,0.0,0.01,35520.26,-0.0005,1.25e-05,0.3
2026-07-06 10:00:22,62663.5,-0.212,-0.212,179.1,0.16,3.1,3.1,-0.02,35520.8,0.0015,1.25e-05,-0.35
2026-07-06 10:00:43,62702.5,-0.431,-0.431,183.1,0.16,3.1,0.0,-0.08,35521.32,0.0015,1.25e-05,4.11
2026-07-06 10:01:03,62728.5,0.048,0.048,205.0,0.16,0.0,3.1,-0.0,35551.58,0.0852,1.25e-05,5.78
2026-07-06 10:01:24,62759.5,0.229,0.229,83.2,0.16,3.1,3.1,-0.07,35554.96,0.0095,1.25e-05,7.5
2026-07-06 10:01:45,62738.5,0.159,0.159,212.4,0.16,3.1,0.0,0.04,35552.56,-0.0067,1.25e-05,2.91
2026-07-06 10:02:05,62749.5,0.085,0.085,178.3,0.16,0.0,0.0,0.08,35552.7,0.0004,1.25e-05,3.26
2026-07-06 10:02:26,62742.5,0.074,0.074,178.7,0.16,3.1,0.0,0.07,35553.87,0.0033,1.25e-05,1.5
2026-07-06 10:02:47,62738.5,0.181,0.181,228.5,0.16,3.1,0.0,0.04,35554.69,0.0023,1.25e-05,0.61
2026-07-06 13:29:36,61486.5,0.019,0.019,145.9,0.16,3.0,0.0,0.07,38365.25,7.9049,1.25e-05,-142.1
2026-07-06 13:29:57,61477.5,-0.714,-0.714,143.7,0.16,3.2,0.0,-0.08,38379.94,0.0383,1.25e-05,-100.51
2026-07-06 13:30:18,61564.5,0.837,0.837,191.8,0.16,3.2,0.0,0.08,38430.14,0.1308,1.25e-05,-60.37
2026-07-06 13:30:39,61642.5,-0.466,-0.466,76.7,0.16,3.0,3.3,-0.08,38533.79,0.2697,1.25e-05,-33.34
2026-07-06 13:30:59,61657.5,0.422,0.422,66.6,0.16,0.0,3.2,-0.03,38740.11,0.5354,1.25e-05,-21.63
2026-07-06 13:31:20,61625.5,-0.763,-0.763,82.3,0.16,3.0,3.5,-0.08,38723.63,-0.0425,1.25e-05,-18.79
2026-07-06 13:31:40,61553.5,0.274,0.274,81.3,0.16,3.2,3.0,0.06,38728.42,0.0124,1.25e-05,-21.35
2026-07-06 13:32:01,61427.5,0.404,0.404,177.4,0.81,3.5,3.2,0.4,38523.16,-0.53,1.25e-05,-29.34
2026-07-06 13:32:22,61494.5,-0.117,-0.117,163.3,0.16,3.0,3.3,-0.07,38525.82,0.0069,1.25e-05,-12.89
2026-07-06 13:32:42,61500.5,-0.193,-0.193,90.5,0.16,3.0,0.0,0.04,38548.75,0.0595,1.25e-05,-8.34
2026-07-06 13:33:03,61571.5,0.207,0.207,104.1,0.16,0.0,3.2,-0.04,38554.55,0.0151,1.25e-05,2.24
2026-07-06 13:33:24,61582.5,-0.247,-0.247,128.3,0.16,0.0,3.3,-0.08,38558.54,0.0103,1.25e-05,2.82
2026-07-06 13:33:44,61566.5,-0.107,-0.107,82.4,0.16,0.0,0.0,-0.01,38564.68,0.0159,1.25e-05,0.16
2026-07-06 13:34:05,61639.5,0.87,0.87,176.4,0.49,0.0,3.2,0.24,38762.91,0.514,1.25e-05,8.4
2026-07-06 13:34:26,61630.5,0.845,0.845,270.5,0.16,3.3,3.2,0.08,38772.36,0.0244,1.25e-05,4.85
2026-07-06 13:34:47,61624.5,0.412,0.412,134.1,0.16,3.2,3.2,0.06,38785.76,0.0346,1.25e-05,2.71
2026-07-06 13:35:07,61584.5,-0.675,-0.675,112.5,0.16,3.0,3.0,-0.07,38793.34,0.0196,1.25e-05,-2.64
2026-07-06 13:35:28,61592.5,0.92,0.92,107.6,0.16,3.2,3.0,0.08,38801.94,0.0222,1.25e-05,-0.94
2026-07-06 13:35:49,61637.5,0.715,0.715,329.3,0.16,3.0,0.0,0.08,38799.93,-0.0052,1.25e-05,4.45
2026-07-06 13:36:09,61604.5,-0.481,-0.481,71.6,0.16,3.0,3.2,-0.08,38809.54,0.0248,1.25e-05,-0.63
2026-07-06 13:36:30,61523.5,-0.436,-0.436,88.9,0.16,3.3,3.0,-0.08,38824.61,0.0388,1.25e-05,-9.54
2026-07-06 13:36:51,61428.5,-0.467,-0.467,94.6,0.16,3.0,0.0,0.04,38334.3,-1.2629,1.25e-05,-17.52
2026-07-06 13:37:11,61503.5,-0.167,-0.167,161.7,0.16,3.0,3.2,-0.0,38364.52,0.0788,1.25e-05,-3.72
2026-07-06 13:37:32,61451.5,-0.422,-0.422,163.5,0.16,3.0,0.0,0.03,38374.27,0.0254,1.25e-05,-8.54
2026-07-06 13:37:53,61443.5,-0.785,-0.785,237.3,0.16,3.0,3.2,-0.08,38374.75,0.0013,1.25e-05,-6.89
2026-07-06 13:38:14,61448.5,-0.906,-0.906,212.6,0.16,3.0,3.2,-0.08,38423.69,0.1275,1.25e-05,-4.25
2026-07-06 13:38:35,61374.5,-0.625,-0.625,115.6,0.16,3.2,3.0,-0.05,38322.39,-0.2636,1.25e-05,-11.41
2026-07-06 13:38:55,61374.5,0.75,0.75,300.1,0.16,3.2,3.2,0.07,38337.33,0.039,1.25e-05,-7.98
2026-07-06 13:39:16,61390.5,0.009,0.009,105.1,0.16,3.2,3.2,0.06,38325.35,-0.0313,1.25e-05,-3.76
2026-07-06 13:39:37,61469.5,0.44,0.44,251.6,0.16,0.0,0.0,-0.03,38325.01,-0.0009,1.25e-05,6.36
2026-07-06 13:39:57,61520.5,0.457,0.457,107.3,0.16,0.0,0.0,0.04,38409.51,0.2205,1.25e-05,10.25
2026-07-06 13:40:18,61496.0,-0.972,-0.972,170.8,0.65,3.1,3.1,-0.3,38420.65,0.029,1.25e-05,4.39
2026-07-06 13:40:39,61543.5,0.043,0.043,131.5,0.16,3.0,3.0,0.08,38424.38,0.0097,1.25e-05,8.47
2026-07-06 13:41:00,61596.5,0.351,0.351,152.4,0.16,3.0,0.0,0.07,38410.46,-0.0362,1.25e-05,11.94
2026-07-06 13:41:20,61635.5,0.674,0.674,318.3,0.16,0.0,0.0,0.06,38494.86,0.2197,1.25e-05,12.78
2026-07-06 13:41:41,61623.5,0.784,0.784,274.7,0.16,3.2,3.2,0.08,38459.85,-0.0909,1.25e-05,7.59
2026-07-06 13:42:02,61601.5,0.328,0.328,60.8,0.16,3.0,3.0,-0.06,38855.94,1.0299,1.25e-05,2.82
2026-07-06 13:42:23,61579.5,0.458,0.458,68.3,0.16,3.2,3.0,0.08,38884.7,0.074,1.25e-05,-0.53
2026-07-06 13:42:43,61530.5,-0.652,-0.652,122.3,0.16,3.2,0.0,-0.08,38786.85,-0.2517,1.25e-05,-5.95
2026-07-06 13:43:03,61534.5,0.837,0.837,330.7,0.16,0.0,0.0,0.08,38787.84,0.0025,1.25e-05,-3.71
2026-07-06 13:43:24,61564.5,0.859,0.859,228.1,0.16,3.2,3.0,0.08,38788.17,0.0009,1.25e-05,0.83
2026-07-06 13:43:45,61543.5,0.272,0.272,85.5,0.16,0.0,3.2,0.01,38791.39,0.0083,1.25e-05,-1.8
2026-07-06 13:44:06,61595.5,0.717,0.717,126.1,0.16,0.0,3.2,0.08,38792.72,0.0034,1.25e-05,4.64
2026-07-06 13:44:26,61657.5,0.773,0.773,199.9,0.16,3.2,3.0,0.08,38798.58,0.0151,1.25e-05,10.29
2026-07-06 13:44:47,61655.5,0.689,0.689,110.3,0.16,0.0,3.0,0.02,38801.97,0.0087,1.25e-05,6.98
2026-07-06 13:45:08,61677.5,0.57,0.57,113.2,0.16,0.0,3.2,0.03,38797.91,-0.0105,1.25e-05,7.38
2026-07-06 13:45:28,61757.5,0.561,0.561,269.6,0.16,3.2,3.2,0.08,38887.94,0.232,1.25e-05,14.23
2026-07-06 13:45:49,61730.5,-0.025,-0.025,104.1,0.16,0.0,3.3,-0.08,38908.08,0.0518,1.25e-05,6.91
2026-07-06 13:46:10,61776.5,-0.698,-0.698,120.0,0.16,3.2,3.2,-0.08,38928.43,0.0523,1.25e-05,10.04
2026-07-06 13:46:30,61784.5,0.41,0.41,116.3,0.16,3.2,3.2,0.07,38818.48,-0.2824,1.25e-05,7.93
2026-07-06 13:46:51,61683.5,-0.385,-0.385,128.3,1.78,3.5,4.0,-0.89,38824.3,0.015,1.25e-05,-5.91
2026-07-06 13:47:12,61677.5,0.601,0.601,230.0,0.16,3.2,0.0,0.07,38897.97,0.1897,1.25e-05,-4.81
2026-07-06 13:47:33,61773.5,0.594,0.594,93.4,0.16,0.0,0.0,0.07,38853.65,-0.1139,1.25e-05,7.51
2026-07-06 13:47:53,61812.5,0.231,0.231,83.3,0.16,3.2,0.0,-0.04,38848.74,-0.0126,1.25e-05,9.66
2026-07-06 13:48:14,61826.5,0.445,0.445,100.0,0.16,3.8,0.0,0.03,38841.93,-0.0175,1.25e-05,8.35
2026-07-06 13:48:35,61842.5,0.909,0.909,202.0,0.16,0.0,0.0,0.07,38814.21,-0.0714,1.25e-05,7.65
2026-07-06 13:48:55,61829.5,0.497,0.497,133.2,0.16,3.2,0.0,0.07,38821.41,0.0185,1.25e-05,3.89
2026-07-06 13:49:16,61833.5,0.794,0.794,113.4,0.16,0.0,0.0,0.04,38784.25,-0.0957,1.25e-05,3.18
2026-07-06 13:49:36,61834.5,0.324,0.324,113.0,0.16,3.2,0.0,0.01,38781.53,-0.007,1.25e-05,2.34
2026-07-06 16:38:22,63656.5,-0.494,-0.494,124.0,0.16,0.0,3.1,-0.07,38071.38,-1.8312,1.25e-05,201.95
2026-07-06 16:38:42,63642.5,-0.008,-0.008,155.5,0.16,0.0,3.2,-0.01,38075.82,0.0117,1.25e-05,139.85
2026-07-06 16:39:03,63637.5,0.652,0.652,187.2,0.16,3.1,3.1,0.08,38089.54,0.036,1.25e-05,97.36
2026-07-06 16:39:24,63664.5,0.727,0.727,276.8,0.16,0.0,3.1,0.06,38087.68,-0.0049,1.25e-05,71.08
2026-07-06 16:39:44,63620.5,-0.54,-0.54,138.7,0.16,3.1,3.1,-0.08,38090.86,0.0084,1.25e-05,44.95
2026-07-06 16:40:05,63620.5,0.721,0.721,123.5,0.16,0.0,3.1,0.03,38096.72,0.0154,1.25e-05,31.46
2026-07-06 16:40:26,63629.5,-0.387,-0.387,159.8,0.16,0.0,0.0,-0.08,38096.98,0.0007,1.25e-05,23.01
2026-07-06 16:40:46,63664.5,0.558,0.558,347.1,0.16,0.0,0.0,0.0,38075.73,-0.0558,1.25e-05,19.94
2026-07-06 16:41:07,63708.5,-0.688,-0.688,114.0,0.16,3.1,3.1,-0.08,38099.17,0.0616,1.25e-05,18.78
2026-07-06 16:41:28,63725.5,0.079,0.079,122.5,0.16,0.0,0.0,0.04,38113.92,0.0387,1.25e-05,15.01
2026-07-06 16:41:48,63668.5,0.544,0.544,167.2,0.16,0.0,3.1,0.08,38129.01,0.0396,1.25e-05,4.25
2026-07-06 16:42:09,63656.5,-0.471,-0.471,147.5,0.16,0.0,0.0,-0.07,38130.36,0.0035,1.25e-05,1.66
2026-07-06 16:42:30,63672.5,0.601,0.601,207.2,0.16,0.0,3.1,0.06,38124.64,-0.015,1.25e-05,2.92
2026-07-06 16:42:50,63707.5,-0.758,-0.758,158.2,0.16,0.0,3.1,-0.08,38114.12,-0.0276,1.25e-05,5.88
2026-07-06 16:43:11,63690.5,0.554,0.554,174.8,0.16,0.0,0.0,0.07,38114.89,0.002,1.25e-05,2.25
2026-07-06 16:43:32,63691.5,0.499,0.499,198.4,0.16,0.0,3.1,0.06,38114.36,-0.0014,1.25e-05,1.68
2026-07-06 16:43:52,63694.5,0.097,0.097,155.0,0.16,0.0,3.1,0.04,38122.37,0.021,1.25e-05,1.51
2026-07-06 16:44:13,63724.5,0.833,0.833,235.5,0.16,0.0,0.0,0.08,38111.04,-0.0297,1.25e-05,4.35
2026-07-06 16:44:34,63747.5,0.473,0.473,179.0,0.16,0.0,3.1,0.06,38106.11,-0.0129,1.25e-05,5.57
2026-07-06 16:44:55,63743.5,0.266,0.266,165.4,0.16,0.0,0.0,0.0,38107.51,0.0037,1.25e-05,3.46
2026-07-06 16:45:15,63738.5,0.413,0.413,197.1,0.16,0.0,3.1,-0.0,38129.11,0.0567,1.25e-05,1.71
2026-07-06 16:45:36,63697.5,0.961,0.961,345.9,0.16,0.0,3.1,0.08,38135.41,0.0165,1.25e-05,-3.3
2026-07-06 16:45:57,63723.5,0.511,0.511,179.3,0.16,0.0,0.0,0.02,38115.72,-0.0516,1.25e-05,0.54
2026-07-06 16:46:17,63718.5,0.131,0.131,174.7,0.16,3.1,3.1,-0.07,38116.37,0.0017,1.25e-05,-0.17
2026-07-06 16:46:38,63723.5,0.643,0.643,213.9,0.16,3.1,3.1,0.06,38128.16,0.0309,1.25e-05,0.43
2026-07-06 16:46:59,63762.5,-0.103,-0.103,166.6,0.16,0.0,0.0,-0.07,38130.39,0.0059,1.25e-05,4.58
2026-07-06 16:47:20,63786.5,-0.812,-0.812,120.0,0.16,3.1,3.1,-0.07,38175.52,0.1184,1.25e-05,5.84
2026-07-06 16:47:40,63724.5,0.467,0.467,209.8,0.16,3.1,3.1,0.04,38174.73,-0.0021,1.25e-05,-2.72
2026-07-06 16:48:01,63722.5,-0.354,-0.354,161.4,0.16,3.1,0.0,-0.06,38174.85,0.0003,1.25e-05,-2.13
2026-07-06 16:48:22,63714.5,0.184,0.184,193.0,0.16,0.0,0.0,-0.06,38175.64,0.0021,1.25e-05,-2.37
2026-07-06 16:48:42,63684.5,0.87,0.87,209.8,0.16,0.0,3.1,0.08,38182.29,0.0174,1.25e-05,-4.95
2026-07-06 16:49:03,63687.5,0.136,0.136,197.5,0.16,0.0,3.2,-0.07,38181.34,-0.0025,1.25e-05,-3.14
2026-07-06 16:49:24,63680.5,0.561,0.561,193.1,0.16,0.0,0.0,0.03,38189.04,0.0202,1.25e-05,-2.97
2026-07-06 16:49:45,63680.5,0.133,0.133,153.2,0.16,0.0,0.0,-0.05,38188.1,-0.0025,1.25e-05,-2.08
2026-07-06 16:50:05,63694.5,-0.042,-0.042,155.6,0.16,0.0,3.1,-0.08,38190.23,0.0056,1.25e-05,0.08
2026-07-06 16:50:26,63702.5,-0.185,-0.185,221.6,0.16,0.0,0.0,-0.05,38163.51,-0.07,1.25e-05,0.94
2026-07-06 16:50:47,63692.5,0.203,0.203,180.8,0.16,0.0,0.0,-0.04,38165.25,0.0045,1.25e-05,-0.44
2026-07-06 16:51:07,63708.5,0.606,0.606,216.0,0.16,3.1,3.1,0.08,38168.04,0.0073,1.25e-05,1.45
2026-07-06 16:51:28,63717.5,0.269,0.269,178.6,0.16,0.0,0.0,0.03,38172.37,0.0113,1.25e-05,2.0
2026-07-06 16:51:49,63692.5,0.312,0.312,178.0,0.16,0.0,0.0,0.04,38180.12,0.0203,1.25e-05,-1.35
2026-07-06 16:52:10,63707.5,0.071,0.071,175.5,0.16,0.0,0.0,-0.08,38180.41,0.0008,1.25e-05,0.71
2026-07-06 16:52:30,63754.5,0.534,0.534,193.9,0.16,0.0,0.0,0.06,38181.99,0.0041,1.25e-05,5.66
2026-07-06 16:52:51,63747.5,-0.328,-0.328,134.0,0.16,0.0,3.1,-0.08,38184.97,0.0078,1.25e-05,3.19
2026-07-06 16:53:12,63706.5,0.226,0.226,198.0,0.16,0.0,3.1,-0.04,38189.58,0.0121,1.25e-05,-2.27
2026-07-06 16:53:32,63707.5,0.189,0.189,166.7,0.16,0.0,3.1,0.0,38194.24,0.0122,1.25e-05,-1.48
2026-07-06 16:53:53,63729.5,0.398,0.398,200.2,0.16,3.1,3.1,0.04,38198.09,0.0101,1.25e-05,1.38
2026-07-06 16:54:14,63741.5,-0.271,-0.271,195.8,0.16,0.0,0.0,-0.08,38199.02,0.0024,1.25e-05,2.28
2026-07-06 16:54:34,63724.5,0.542,0.542,169.0,0.16,0.0,0.0,0.05,38207.18,0.0214,1.25e-05,-0.27
2026-07-06 16:54:55,63731.5,0.124,0.124,153.1,0.16,0.0,3.2,-0.05,38210.58,0.0089,1.25e-05,0.58
2026-07-06 16:55:16,63730.5,0.194,0.194,186.4,0.16,3.1,0.0,0.01,38210.94,0.0009,1.25e-05,0.3
2026-07-06 16:55:36,63711.5,0.527,0.527,173.8,0.16,0.0,0.0,0.07,38211.78,0.0022,1.25e-05,-1.88
2026-07-06 16:55:57,63705.5,-0.13,-0.13,208.9,0.16,0.0,3.1,-0.06,38211.71,-0.0002,1.25e-05,-1.97
2026-07-06 16:56:18,63690.5,0.532,0.532,196.2,0.16,3.1,0.0,0.07,38205.65,-0.0159,1.25e-05,-3.03
2026-07-06 16:56:39,63696.5,0.11,0.11,193.4,0.16,0.0,0.0,-0.03,38206.86,0.0032,1.25e-05,-1.46
2026-07-06 16:56:59,63688.5,0.401,0.401,233.0,0.16,0.0,3.1,-0.01,38194.39,-0.0326,1.25e-05,-1.9
2026-07-06 16:57:20,63685.5,0.306,0.306,192.2,0.16,0.0,3.1,0.01,38158.28,-0.0945,1.25e-05,-1.66
2026-07-06 16:57:41,63689.5,0.268,0.268,189.5,0.16,0.0,3.1,-0.02,38163.82,0.0145,1.25e-05,-0.72
2026-07-06 16:58:01,63695.5,0.115,0.115,160.2,0.16,0.0,0.0,-0.02,38163.98,0.0004,1.25e-05,0.15
2026-07-06 18:29:36,63761.5,-0.278,-0.278,167.7,0.16,3.1,3.1,-0.0,38039.93,-0.325,1.25e-05,7.35
2026-07-06 18:29:56,63761.5,-0.357,-0.357,141.7,0.16,3.1,3.1,-0.06,38039.94,0.0,1.25e-05,5.15
2026-07-06 18:30:17,63731.5,0.542,0.542,197.8,0.16,3.1,0.0,0.08,38038.45,-0.0039,1.25e-05,0.31
2026-07-06 18:30:38,63737.5,0.097,0.097,204.9,0.16,0.0,3.1,0.05,38035.09,-0.0088,1.25e-05,0.87
2026-07-06 18:30:59,63740.5,0.483,0.483,194.5,0.16,3.1,0.0,0.08,38035.32,0.0006,1.25e-05,0.94
2026-07-06 18:31:20,63736.5,-0.443,-0.443,166.6,0.16,3.1,3.1,-0.06,38035.38,0.0002,1.25e-05,0.22
2026-07-06 18:31:40,63748.5,0.138,0.138,204.0,0.16,3.1,3.1,0.03,38035.61,0.0006,1.25e-05,1.47
2026-07-06 18:32:01,63761.5,0.614,0.614,241.0,0.16,0.0,3.1,0.08,38036.62,0.0026,1.25e-05,2.46
2026-07-06 18:32:22,63764.5,-0.142,-0.142,132.9,0.16,0.0,3.1,-0.06,38034.99,-0.0043,1.25e-05,2.05
2026-07-06 18:32:42,63728.5,0.586,0.586,164.5,0.16,0.0,3.1,0.08,38032.62,-0.0062,1.25e-05,-2.52
2026-07-06 18:33:03,63728.5,0.501,0.501,216.4,0.16,0.0,3.1,0.08,38029.69,-0.0077,1.25e-05,-1.76
2026-07-06 18:33:24,63740.5,0.634,0.634,201.5,0.16,3.1,3.1,0.08,38030.22,0.0014,1.25e-05,0.08
2026-07-06 18:33:44,63746.5,-0.042,-0.042,164.6,0.16,0.0,0.0,-0.02,38030.66,0.0012,1.25e-05,0.72
2026-07-06 18:34:05,63748.5,-0.818,-0.818,182.5,0.16,3.1,3.1,-0.08,38030.43,-0.0006,1.25e-05,0.72
2026-07-06 18:34:26,63744.5,0.414,0.414,208.0,0.16,0.0,3.1,0.08,38030.31,-0.0003,1.25e-05,0.07
2026-07-06 18:34:47,63737.5,-0.152,-0.152,163.9,0.16,0.0,3.1,-0.08,38029.56,-0.002,1.25e-05,-0.72
2026-07-06 18:35:07,63710.5,-0.92,-0.92,186.2,0.16,3.1,0.0,-0.07,38028.63,-0.0025,1.25e-05,-3.47
2026-07-06 18:35:28,63715.0,0.508,0.508,202.5,0.94,3.3,3.1,0.47,38029.51,0.0023,1.25e-05,-1.93
2026-07-06 18:35:48,63736.5,-0.024,-0.024,137.2,0.16,3.1,0.0,0.03,38030.66,0.003,1.25e-05,1.01
2026-07-06 18:36:09,63736.5,0.6,0.6,194.6,0.16,0.0,3.1,0.08,38029.83,-0.0022,1.25e-05,0.7
2026-07-06 18:36:30,63739.5,0.82,0.82,210.2,0.16,0.0,0.0,0.07,38025.98,-0.0101,1.25e-05,0.82
2026-07-06 18:36:50,63753.5,0.658,0.658,210.9,0.16,3.1,3.1,0.05,38021.22,-0.0125,1.25e-05,2.11
2026-07-06 18:37:11,63810.5,0.675,0.675,276.2,0.16,0.0,0.0,0.08,38004.13,-0.045,1.25e-05,7.73
2026-07-06 18:37:31,63810.5,-0.746,-0.746,201.1,0.16,3.1,0.0,-0.08,38002.45,-0.0044,1.25e-05,5.41
2026-07-06 18:37:52,63834.5,-0.771,-0.771,215.2,0.16,3.1,0.0,-0.08,38003.25,0.0021,1.25e-05,6.42
2026-07-06 18:38:13,63832.5,0.396,0.396,126.5,0.16,0.0,3.1,0.01,38003.24,-0.0,1.25e-05,4.27
2026-07-06 18:38:33,63832.5,-0.532,-0.532,133.8,0.16,0.0,3.1,-0.08,38005.36,0.0056,1.25e-05,2.99
2026-07-06 18:38:54,63809.5,-0.652,-0.652,165.9,0.16,3.1,3.1,-0.08,38005.04,-0.0008,1.25e-05,-0.43
2026-07-06 18:39:15,63803.5,0.03,0.03,169.4,0.16,0.0,3.1,0.01,38004.96,-0.0002,1.25e-05,-0.96
2026-07-06 18:39:35,63801.5,-0.758,-0.758,167.0,0.16,3.1,3.2,-0.08,37993.3,-0.0307,1.25e-05,-0.89
2026-07-06 18:39:56,63790.5,0.988,0.988,263.8,0.16,0.0,3.1,0.08,37996.39,0.0081,1.25e-05,-1.83
2026-07-06 18:40:17,63792.5,-0.376,-0.376,159.1,0.16,3.1,0.0,-0.08,37998.31,0.005,1.25e-05,-1.06
2026-07-06 18:40:38,63787.5,0.863,0.863,440.1,0.16,3.1,0.0,0.06,37999.5,0.0031,1.25e-05,-1.29
2026-07-06 18:40:59,63780.5,0.157,0.157,182.3,0.16,0.0,0.0,-0.06,37974.12,-0.0668,1.25e-05,-1.67
2026-07-06 18:41:19,63779.5,0.751,0.751,259.1,0.16,0.0,3.1,0.08,37982.31,0.0216,1.25e-05,-1.28
2026-07-06 18:41:40,63786.5,-0.795,-0.795,281.1,0.16,3.1,0.0,-0.08,37981.62,-0.0018,1.25e-05,-0.13
2026-07-06 18:42:01,63788.5,-0.131,-0.131,132.7,0.16,3.1,0.0,-0.02,37981.6,-0.0001,1.25e-05,0.13
2026-07-06 18:42:21,63802.5,0.235,0.235,206.4,0.16,0.0,0.0,-0.02,37982.24,0.0017,1.25e-05,1.63
2026-07-06 18:42:42,63802.5,-0.11,-0.11,147.5,0.16,0.0,0.0,-0.06,37982.0,-0.0006,1.25e-05,1.14
2026-07-06 18:43:03,63806.5,-0.302,-0.302,175.3,0.16,0.0,0.0,-0.06,37981.86,-0.0004,1.25e-05,1.24
2026-07-06 18:43:23,63805.5,-0.294,-0.294,152.2,0.16,3.1,3.1,-0.06,37979.62,-0.0059,1.25e-05,0.75
2026-07-06 18:43:44,63797.5,-0.17,-0.17,178.7,0.16,0.0,3.1,-0.05,37980.23,0.0016,1.25e-05,-0.35
2026-07-06 18:44:05,63802.5,0.319,0.319,204.3,0.16,0.0,0.0,0.06,37979.99,-0.0006,1.25e-05,0.3
2026-07-06 18:44:25,63784.5,-0.536,-0.536,305.8,0.16,0.0,0.0,-0.08,37980.11,0.0003,1.25e-05,-1.77
2026-07-06 18:44:46,63782.5,0.566,0.566,185.6,0.16,0.0,0.0,0.08,37979.12,-0.0026,1.25e-05,-1.46
2026-07-06 18:45:07,63773.5,0.001,0.001,201.5,0.16,0.0,0.0,0.03,37983.22,0.0108,1.25e-05,-2.01
2026-07-06 18:45:28,63772.5,0.117,0.117,170.4,0.16,0.0,0.0,-0.04,37999.92,0.044,1.25e-05,-1.52
2026-07-06 18:45:49,63789.5,-0.137,-0.137,199.4,0.16,0.0,3.2,-0.05,37997.62,-0.0061,1.25e-05,0.81
2026-07-06 18:46:09,63789.5,0.56,0.56,192.2,0.16,0.0,3.1,0.06,38008.08,0.0275,1.25e-05,0.57
2026-07-06 18:46:30,63763.5,0.484,0.484,187.7,0.16,0.0,0.0,0.05,38008.38,0.0008,1.25e-05,-2.46
2026-07-06 18:46:51,63783.5,0.275,0.275,181.7,0.16,0.0,3.1,-0.04,38009.62,0.0033,1.25e-05,0.48
2026-07-06 18:47:11,63783.5,0.717,0.717,241.6,0.16,0.0,0.0,0.08,38009.78,0.0004,1.25e-05,0.33
2026-07-06 18:47:32,63789.5,0.862,0.862,209.0,0.16,0.0,3.1,0.08,38009.79,0.0,1.25e-05,0.89
2026-07-06 18:47:52,63774.5,0.352,0.352,230.7,0.16,0.0,3.1,-0.02,38008.25,-0.0041,1.25e-05,-1.02
2026-07-06 18:48:13,63776.5,0.063,0.063,149.2,0.16,0.0,0.0,-0.07,38009.94,0.0044,1.25e-05,-0.5
2026-07-06 18:48:34,63769.5,0.341,0.341,219.6,0.16,3.2,3.1,0.0,38010.0,0.0001,1.25e-05,-1.12
2026-07-06 18:48:54,63770.5,0.003,0.003,178.6,0.16,0.0,0.0,-0.07,38011.92,0.005,1.25e-05,-0.67
2026-07-06 18:49:15,63770.5,0.591,0.591,212.7,0.16,0.0,0.0,0.05,38012.02,0.0003,1.25e-05,-0.47
2026-07-06 20:25:43,63722.5,0.42,0.42,194.7,0.16,0.0,3.1,0.02,37769.42,-0.6382,1.25e-05,-5.6
2026-07-06 20:26:04,63703.5,-0.104,-0.104,181.0,0.16,0.0,0.0,-0.08,37769.36,-0.0002,1.25e-05,-6.01
2026-07-06 20:26:24,63703.5,0.064,0.064,180.7,0.16,3.1,3.1,-0.03,37769.29,-0.0002,1.25e-05,-4.21
2026-07-06 20:26:45,63706.5,0.032,0.032,197.3,0.16,0.0,3.1,-0.06,37769.34,0.0001,1.25e-05,-2.62
2026-07-06 20:27:06,63711.5,0.543,0.543,212.7,0.16,3.1,0.0,0.08,37771.01,0.0044,1.25e-05,-1.28
2026-07-06 20:27:26,63724.5,0.383,0.383,228.9,0.16,0.0,0.0,0.01,37771.04,0.0001,1.25e-05,0.53
2026-07-06 20:27:47,63724.5,0.43,0.43,235.9,0.16,0.0,0.0,0.02,37770.71,-0.0009,1.25e-05,0.37
2026-07-06 20:28:08,63731.5,0.813,0.813,285.9,0.16,3.1,3.1,0.08,37770.72,0.0,1.25e-05,1.03
2026-07-06 20:28:28,63734.5,0.25,0.25,181.5,0.16,3.1,3.1,0.0,37770.75,0.0001,1.25e-05,1.05
2026-07-06 20:28:49,63758.5,-0.089,-0.089,175.5,0.16,0.0,0.0,-0.08,37790.23,0.0516,1.25e-05,3.37
2026-07-06 20:29:10,63758.5,-0.09,-0.09,155.6,0.16,0.0,0.0,-0.08,37790.41,0.0005,1.25e-05,2.36
2026-07-06 20:29:30,63758.5,0.373,0.373,206.4,0.16,0.0,0.0,-0.0,37790.57,0.0004,1.25e-05,1.65
2026-07-06 20:29:51,63752.5,0.207,0.207,198.2,0.16,0.0,3.1,-0.02,37790.56,-0.0,1.25e-05,0.5
2026-07-06 20:30:12,63754.5,-0.071,-0.071,216.8,0.16,0.0,3.2,-0.07,37790.09,-0.0012,1.25e-05,0.57
2026-07-06 20:30:33,63754.5,0.045,0.045,162.5,0.16,0.0,0.0,-0.01,37809.88,0.0524,1.25e-05,0.4
2026-07-06 20:30:54,63787.5,0.501,0.501,191.6,0.16,0.0,0.0,0.07,37818.55,0.0229,1.25e-05,3.9
2026-07-06 20:31:14,63792.5,0.32,0.32,191.1,0.16,0.0,3.1,0.03,37814.18,-0.0116,1.25e-05,3.28
2026-07-06 20:31:35,63818.0,0.913,0.913,340.1,0.31,0.0,0.0,0.16,37817.59,0.009,1.25e-05,5.09
2026-07-06 20:31:56,63851.5,0.456,0.456,190.1,0.16,0.0,0.0,0.04,37803.11,-0.0383,1.25e-05,7.23
2026-07-06 20:32:17,63837.5,0.322,0.322,193.2,0.16,0.0,0.0,-0.01,37807.6,0.0119,1.25e-05,3.53
2026-07-06 20:32:42,63858.5,0.456,0.456,200.0,0.16,0.0,3.1,0.01,37818.81,0.0297,1.25e-05,4.78
2026-07-06 20:33:03,63862.5,0.253,0.253,196.4,0.16,0.0,0.0,-0.05,37845.97,0.0718,1.25e-05,3.78
2026-07-06 20:33:23,63847.5,-0.01,-0.01,152.7,0.16,3.1,0.0,-0.06,37858.84,0.034,1.25e-05,1.0
2026-07-06 20:33:44,63839.5,0.325,0.325,195.4,0.16,0.0,0.0,0.04,37860.03,0.0031,1.25e-05,-0.17
2026-07-06 20:34:05,63839.5,0.323,0.323,196.5,0.16,0.0,0.0,0.02,37860.79,0.002,1.25e-05,-0.12
2026-07-06 20:34:25,63869.5,-0.141,-0.141,128.5,0.16,0.0,0.0,-0.08,37890.24,0.0778,1.25e-05,3.2
2026-07-06 20:34:46,63887.5,0.74,0.74,346.1,0.16,0.0,0.0,0.05,37893.35,0.0082,1.25e-05,4.21
2026-07-06 20:35:07,63866.5,-0.464,-0.464,103.6,0.16,3.1,0.0,-0.08,37895.19,0.0049,1.25e-05,0.65
2026-07-06 20:35:28,63857.5,0.581,0.581,209.1,0.16,0.0,0.0,0.06,37893.78,-0.0037,1.25e-05,-0.53
2026-07-06 20:35:49,63857.5,0.647,0.647,204.7,0.16,3.1,0.0,0.06,37893.68,-0.0003,1.25e-05,-0.38
2026-07-06 20:36:09,63857.5,0.645,0.645,216.7,0.16,0.0,0.0,0.06,37893.52,-0.0004,1.25e-05,-0.26
2026-07-06 20:36:30,63838.5,0.468,0.468,201.0,0.16,3.1,3.1,0.05,37856.65,-0.0973,1.25e-05,-2.27
2026-07-06 20:36:51,63846.5,-0.087,-0.087,150.5,0.16,0.0,3.1,-0.05,37850.76,-0.0156,1.25e-05,-0.71
2026-07-06 20:37:11,63844.5,-0.275,-0.275,179.7,0.16,0.0,0.0,-0.08,37850.75,-0.0,1.25e-05,-0.72
2026-07-06 20:37:32,63849.5,0.575,0.575,223.3,0.16,0.0,0.0,0.08,37851.57,0.0022,1.25e-05,0.05
2026-07-06 20:37:53,63857.5,0.629,0.629,213.6,0.16,0.0,3.1,0.05,37850.8,-0.002,1.25e-05,0.91
2026-07-06 20:38:14,63857.5,0.584,0.584,217.5,0.16,0.0,0.0,0.05,37851.16,0.001,1.25e-05,0.63
2026-07-06 20:38:34,63855.5,0.305,0.305,208.0,0.16,0.0,0.0,-0.07,37851.19,0.0001,1.25e-05,0.22
2026-07-06 20:38:55,63853.5,-0.465,-0.465,139.6,0.16,3.1,0.0,-0.08,37850.79,-0.0011,1.25e-05,-0.07
2026-07-06 20:39:16,63846.5,0.131,0.131,208.9,0.16,0.0,3.1,-0.03,37851.1,0.0008,1.25e-05,-0.81
2026-07-06 20:39:37,63846.5,-0.019,-0.019,177.8,0.16,0.0,0.0,-0.06,37851.42,0.0008,1.25e-05,-0.57
2026-07-06 20:39:58,63853.5,0.802,0.802,439.7,0.16,0.0,3.1,0.07,37851.28,-0.0004,1.25e-05,0.37
2026-07-06 20:40:18,63853.5,0.657,0.657,221.3,0.16,3.1,3.1,0.07,37851.4,0.0003,1.25e-05,0.26
2026-07-06 20:40:39,63849.5,0.174,0.174,233.0,0.16,0.0,0.0,-0.08,37851.38,-0.0,1.25e-05,-0.26
2026-07-06 20:41:00,63865.5,0.858,0.858,372.8,0.16,0.0,0.0,0.08,37831.26,-0.0532,1.25e-05,1.57
2026-07-06 20:41:21,63861.5,0.124,0.124,184.0,0.16,0.0,3.1,-0.08,37850.73,0.0515,1.25e-05,0.66
2026-07-06 20:41:41,63861.5,0.122,0.122,185.7,0.16,0.0,3.1,-0.08,37851.01,0.0007,1.25e-05,0.46
2026-07-06 20:42:02,63861.5,0.488,0.488,230.4,0.16,0.0,3.1,0.03,37851.61,0.0016,1.25e-05,0.32
2026-07-06 20:42:23,63854.5,-0.095,-0.095,158.8,0.16,0.0,3.1,-0.07,37852.27,0.0017,1.25e-05,-0.54
2026-07-06 20:42:44,63835.5,0.058,0.058,168.7,0.16,0.0,0.0,-0.02,37862.7,0.0276,1.25e-05,-2.46
2026-07-06 20:43:04,63821.5,-0.06,-0.06,158.1,0.16,0.0,0.0,-0.04,37867.22,0.0119,1.25e-05,-3.26
2026-07-06 20:43:25,63812.5,0.552,0.552,210.3,0.16,0.0,0.0,0.08,37870.19,0.0078,1.25e-05,-3.27
2026-07-06 20:43:46,63821.5,0.719,0.719,220.2,0.16,0.0,0.0,0.08,37870.02,-0.0004,1.25e-05,-1.3
2026-07-06 20:44:06,63821.5,0.744,0.744,220.4,0.16,0.0,0.0,0.08,37869.22,-0.0021,1.25e-05,-0.91
2026-07-06 20:44:27,63826.5,0.243,0.243,195.6,0.16,0.0,0.0,-0.05,37870.79,0.0042,1.25e-05,-0.09
2026-07-06 20:44:48,63826.5,0.472,0.472,208.8,0.16,0.0,0.0,0.02,37870.41,-0.001,1.25e-05,-0.06
2026-07-06 20:45:09,63800.5,0.558,0.558,238.0,0.16,0.0,3.1,0.04,37864.07,-0.0168,1.25e-05,-2.9
2026-07-06 20:45:29,63794.5,0.256,0.256,211.8,0.16,0.0,3.1,-0.04,37867.45,0.0089,1.25e-05,-2.69
2026-07-06 21:53:44,64473.5,0.951,0.951,228.0,0.16,3.0,0.0,0.08,37553.2,-0.8299,1.25e-05,71.86
2026-07-06 21:54:05,64490.5,-0.993,-0.993,240.7,0.16,0.0,0.0,-0.08,37661.49,0.2884,1.25e-05,52.13
2026-07-06 21:54:26,64415.5,-0.616,-0.616,262.8,0.16,0.0,3.3,-0.07,37731.91,0.187,1.25e-05,28.39
2026-07-06 21:54:47,64415.5,0.121,0.121,119.3,0.16,3.0,0.0,-0.0,37736.41,0.0119,1.25e-05,19.87
2026-07-06 21:55:07,64467.5,-0.284,-0.284,119.9,0.16,0.0,3.0,-0.08,37736.46,0.0001,1.25e-05,19.54
2026-07-06 21:55:28,64453.5,0.098,0.098,101.8,0.16,0.0,0.0,0.04,37735.15,-0.0035,1.25e-05,12.16
2026-07-06 21:55:49,64525.5,0.515,0.515,149.1,0.15,0.0,3.0,0.06,37738.29,0.0083,1.25e-05,16.31
2026-07-06 21:56:09,64514.5,0.906,0.906,184.6,0.16,0.0,3.0,0.08,37750.04,0.0311,1.25e-05,10.23
2026-07-06 21:56:30,64485.5,-0.699,-0.699,287.2,0.16,0.0,0.0,-0.08,37754.14,0.0109,1.25e-05,4.02
2026-07-06 21:56:51,64407.5,-0.861,-0.861,105.7,0.16,3.0,0.0,-0.08,37751.59,-0.0068,1.25e-05,-5.66
2026-07-06 21:57:11,64393.5,0.48,0.48,145.6,0.16,0.0,3.0,0.05,37732.58,-0.0504,1.25e-05,-5.49
2026-07-06 21:57:32,64430.5,0.196,0.196,181.3,0.16,0.0,3.0,-0.05,37738.08,0.0146,1.25e-05,0.18
2026-07-06 21:57:53,64424.5,-0.912,-0.912,137.9,0.16,3.0,0.0,-0.07,37821.48,0.221,1.25e-05,-0.52
2026-07-06 21:58:14,64423.5,-0.065,-0.065,138.2,0.16,0.0,0.0,-0.04,37822.67,0.0031,1.25e-05,-0.47
2026-07-06 21:58:34,64433.5,0.196,0.196,137.0,0.16,0.0,0.0,0.01,37815.66,-0.0185,1.25e-05,0.75
2026-07-06 21:58:55,64433.5,-0.102,-0.102,136.9,0.16,3.0,3.0,-0.01,37818.26,0.0069,1.25e-05,0.53
2026-07-06 21:59:16,64409.5,0.209,0.209,123.5,0.16,0.0,0.0,0.03,37827.55,0.0246,1.25e-05,-2.24
2026-07-06 21:59:37,64494.5,0.558,0.558,165.2,0.16,0.0,0.0,0.08,37829.55,0.0053,1.25e-05,7.66
2026-07-06 21:59:57,64499.5,0.816,0.816,260.4,0.16,0.0,0.0,0.07,37832.48,0.0077,1.25e-05,5.91
2026-07-06 22:00:18,64456.5,-0.675,-0.675,244.2,0.16,3.0,0.0,-0.07,37832.72,0.0006,1.25e-05,-0.53
2026-07-06 22:00:39,64433.5,0.584,0.584,184.3,0.16,0.0,0.0,0.07,37832.25,-0.0012,1.25e-05,-2.93
2026-07-06 22:01:00,64451.5,-0.173,-0.173,135.3,0.16,3.0,0.0,-0.03,37832.3,0.0001,1.25e-05,-0.1
2026-07-06 22:01:20,64426.5,-0.043,-0.043,128.9,0.16,3.0,3.0,-0.02,37833.22,0.0024,1.25e-05,-2.78
2026-07-06 22:01:41,64425.5,0.088,0.088,126.5,0.16,3.0,0.0,-0.01,37819.04,-0.0375,1.25e-05,-2.05
2026-07-06 22:02:02,64425.5,-0.012,-0.012,138.2,0.16,3.0,0.0,-0.05,37820.31,0.0033,1.25e-05,-1.44
2026-07-06 22:02:22,64401.5,-0.362,-0.362,159.5,0.16,3.0,3.0,-0.07,37818.37,-0.0051,1.25e-05,-3.62
2026-07-06 22:02:43,64417.5,0.092,0.092,122.8,0.16,0.0,0.0,0.04,37818.72,0.0009,1.25e-05,-0.8
2026-07-06 22:03:04,64389.5,-0.846,-0.846,257.7,0.16,3.0,3.0,-0.07,37817.1,-0.0043,1.25e-05,-3.6
2026-07-06 22:03:25,64381.5,0.201,0.201,131.2,0.16,0.0,3.3,-0.03,37818.02,0.0024,1.25e-05,-3.39
2026-07-06 22:03:45,64375.5,-0.264,-0.264,136.7,0.16,0.0,3.0,-0.08,37817.72,-0.0008,1.25e-05,-3.02
2026-07-06 22:04:06,64435.5,0.498,0.498,177.4,0.16,3.0,0.0,0.02,37817.2,-0.0014,1.25e-05,4.41
2026-07-06 22:04:27,64372.5,0.637,0.637,99.3,0.16,0.0,3.0,0.08,37821.81,0.0122,1.25e-05,-3.77
2026-07-06 22:04:47,64373.5,0.032,0.032,167.4,0.16,3.0,0.0,-0.06,37821.86,0.0001,1.25e-05,-2.53
2026-07-06 22:05:08,64355.5,0.054,0.054,131.1,0.16,0.0,0.0,-0.06,37819.64,-0.0059,1.25e-05,-3.73
2026-07-06 22:05:29,64383.5,0.113,0.113,121.7,0.16,0.0,0.0,-0.06,37822.31,0.0071,1.25e-05,0.44
2026-07-06 22:05:50,64372.5,-0.408,-0.408,118.6,0.16,3.0,0.0,-0.08,37821.54,-0.002,1.25e-05,-0.89
2026-07-06 22:06:11,64356.5,-0.184,-0.184,160.5,0.16,0.0,3.0,-0.07,37822.02,0.0013,1.25e-05,-2.36
2026-07-06 22:06:31,64356.5,-0.669,-0.669,145.7,0.16,0.0,3.0,-0.07,37820.39,-0.0043,1.25e-05,-1.66
2026-07-06 22:06:52,64318.5,-0.532,-0.532,334.2,0.16,0.0,0.0,0.01,37818.23,-0.0057,1.25e-05,-5.3
2026-07-06 22:07:13,64315.5,-0.092,-0.092,130.6,0.16,3.0,0.0,-0.03,37812.31,-0.0156,1.25e-05,-4.03
2026-07-06 22:07:34,64335.5,-0.644,-0.644,129.0,0.16,0.0,3.0,-0.08,37813.98,0.0044,1.25e-05,-0.64
2026-07-06 22:07:54,64328.5,0.486,0.486,131.3,0.16,0.0,0.0,0.08,37813.38,-0.0016,1.25e-05,-1.21
2026-07-06 22:08:15,64336.5,0.703,0.703,145.6,0.16,0.0,3.0,0.08,37816.92,0.0094,1.25e-05,0.02
2026-07-06 22:08:36,64315.5,0.394,0.394,121.3,0.16,0.0,0.0,0.07,37815.54,-0.0036,1.25e-05,-2.27
2026-07-06 22:08:57,64307.5,0.595,0.595,121.4,0.16,0.0,0.0,0.08,37816.62,0.0029,1.25e-05,-2.46
2026-07-06 22:09:17,64333.5,0.048,0.048,122.4,0.16,3.0,0.0,-0.05,37810.75,-0.0155,1.25e-05,1.11
2026-07-06 22:09:38,64349.5,0.246,0.246,120.7,0.16,0.0,0.0,-0.04,37810.43,-0.0008,1.25e-05,2.52
2026-07-06 22:09:59,64349.5,-0.087,-0.087,135.7,0.16,0.0,0.0,-0.07,37809.49,-0.0025,1.25e-05,1.76
2026-07-06 22:10:19,64345.5,0.001,0.001,139.6,0.16,0.0,3.0,-0.08,37809.2,-0.0008,1.25e-05,0.8
2026-07-06 22:10:40,64345.5,-0.041,-0.041,140.3,0.16,3.0,3.0,-0.06,37809.36,0.0004,1.25e-05,0.56
2026-07-06 22:11:00,64345.5,0.117,0.117,132.8,0.16,0.0,3.0,-0.04,37809.47,0.0003,1.25e-05,0.39
2026-07-06 22:11:22,64320.5,-0.479,-0.479,138.3,0.16,0.0,0.0,-0.07,37809.03,-0.0012,1.25e-05,-2.44
2026-07-06 22:11:42,64326.5,0.806,0.806,258.2,0.16,0.0,0.0,0.07,37808.22,-0.0021,1.25e-05,-1.06
2026-07-06 22:12:03,64340.5,0.105,0.105,132.3,0.16,0.0,0.0,0.01,37804.56,-0.0097,1.25e-05,0.78
2026-07-06 22:12:24,64368.5,0.156,0.156,133.2,0.16,0.0,0.0,-0.02,37800.17,-0.0116,1.25e-05,3.59
2026-07-06 22:12:44,64373.5,0.713,0.713,226.6,0.16,3.0,3.0,0.08,37801.07,0.0024,1.25e-05,3.06
2026-07-06 22:13:05,64378.5,0.312,0.312,112.5,0.16,0.0,0.0,0.04,37802.55,0.0039,1.25e-05,2.69
2026-07-06 22:13:26,64384.5,0.067,0.067,123.4,0.16,0.0,0.0,0.0,37802.05,-0.0013,1.25e-05,2.53
2026-07-06 22:54:20,64200.5,-0.16,-0.16,124.4,0.16,0.0,0.0,-0.08,37673.83,-0.3392,1.25e-05,-18.28
2026-07-06 22:54:40,64203.5,0.611,0.611,147.3,0.16,0.0,0.0,0.08,37672.27,-0.0041,1.25e-05,-12.47
2026-07-06 22:55:01,64218.5,0.322,0.322,129.2,0.16,0.0,0.0,0.05,37659.35,-0.0343,1.25e-05,-7.09
2026-07-06 22:55:21,64218.5,0.258,0.258,124.1,0.16,0.0,0.0,0.01,37659.36,0.0,1.25e-05,-4.96
2026-07-06 22:55:42,64212.5,0.058,0.058,128.2,0.16,3.0,3.0,-0.04,37659.42,0.0002,1.25e-05,-4.13
2026-07-06 22:56:02,64209.5,0.147,0.147,127.1,0.16,0.0,0.0,-0.01,37658.13,-0.0034,1.25e-05,-3.22
2026-07-06 22:56:23,64208.5,-0.076,-0.076,136.6,0.16,0.0,0.0,-0.06,37662.3,0.0111,1.25e-05,-2.36
2026-07-06 22:56:43,64213.5,-0.352,-0.352,145.5,0.16,0.0,0.0,-0.06,37663.01,0.0019,1.25e-05,-1.11
2026-07-06 22:57:04,64212.5,-0.182,-0.182,154.2,0.16,0.0,0.0,-0.03,37664.08,0.0028,1.25e-05,-0.89
2026-07-06 22:57:24,64233.5,-0.024,-0.024,142.9,0.16,0.0,0.0,-0.05,37663.55,-0.0014,1.25e-05,1.67
2026-07-06 22:57:45,64221.5,0.184,0.184,139.4,0.16,0.0,3.0,0.02,37662.44,-0.0029,1.25e-05,-0.14
2026-07-06 22:58:06,64227.5,-0.146,-0.146,149.1,0.16,3.0,0.0,-0.06,37680.58,0.0482,1.25e-05,0.56
2026-07-06 22:58:26,64233.5,0.148,0.148,149.7,0.16,0.0,0.0,0.03,37679.82,-0.002,1.25e-05,1.04
2026-07-06 22:58:47,64240.5,-0.003,-0.003,137.9,0.16,0.0,3.0,-0.03,37674.27,-0.0147,1.25e-05,1.5
2026-07-06 22:59:07,64240.5,-0.277,-0.277,115.1,0.16,0.0,3.0,-0.08,37674.33,0.0002,1.25e-05,1.05
2026-07-06 22:59:28,64257.5,0.028,0.028,134.8,0.16,0.0,3.2,-0.0,37673.16,-0.0031,1.25e-05,2.58
2026-07-06 22:59:48,64257.5,-0.038,-0.038,119.8,0.16,0.0,0.0,-0.03,37672.88,-0.0008,1.25e-05,1.81
2026-07-06 23:00:09,64265.5,0.431,0.431,119.3,0.16,0.0,3.0,0.07,37674.03,0.003,1.25e-05,2.13
2026-07-06 23:00:30,64271.5,0.237,0.237,130.2,0.16,0.0,0.0,-0.02,37674.09,0.0002,1.25e-05,2.15
2026-07-06 23:00:50,64271.5,-0.189,-0.189,137.9,0.16,0.0,0.0,-0.07,37672.95,-0.003,1.25e-05,1.5
2026-07-06 23:01:11,64234.5,0.129,0.129,126.3,0.16,0.0,0.0,-0.0,37674.62,0.0044,1.25e-05,-2.96
2026-07-06 23:01:32,64258.5,0.158,0.158,145.8,0.16,0.0,0.0,0.04,37674.63,0.0,1.25e-05,0.54
2026-07-06 23:01:52,64266.5,0.034,0.034,135.8,0.16,3.0,0.0,-0.06,37673.91,-0.0019,1.25e-05,1.25
2026-07-06 23:02:12,64285.5,0.318,0.318,117.2,0.16,0.0,0.0,0.06,37679.08,0.0137,1.25e-05,2.94
2026-07-06 23:02:33,64290.5,0.315,0.315,123.2,0.16,0.0,3.0,0.04,37682.24,0.0084,1.25e-05,2.6
2026-07-06 23:02:54,64322.5,-0.241,-0.241,115.0,0.16,0.0,3.0,-0.08,37687.49,0.0139,1.25e-05,5.3
2026-07-06 23:03:14,64343.5,0.445,0.445,123.8,0.16,0.0,0.0,0.08,37691.15,0.0097,1.25e-05,6.0
2026-07-06 23:03:35,64306.5,-0.228,-0.228,144.6,0.16,0.0,0.0,-0.07,37710.49,0.0513,1.25e-05,0.17
2026-07-06 23:03:56,64320.5,0.001,0.001,125.9,0.16,0.0,0.0,0.01,37711.25,0.002,1.25e-05,1.64
2026-07-06 23:04:16,64288.5,-0.167,-0.167,137.5,0.16,0.0,0.0,-0.03,37750.34,0.1037,1.25e-05,-2.33
2026-07-06 23:04:37,64290.5,-0.793,-0.793,185.6,0.16,0.0,0.0,-0.08,37750.91,0.0015,1.25e-05,-1.42
2026-07-06 23:04:57,64268.5,-0.454,-0.454,150.7,0.16,0.0,0.0,-0.02,37750.52,-0.001,1.25e-05,-3.39
2026-07-06 23:05:17,64299.5,0.72,0.72,281.1,0.16,3.0,0.0,0.08,37740.81,-0.0257,1.25e-05,1.0
2026-07-06 23:05:38,64306.5,0.089,0.089,119.4,0.16,0.0,3.0,0.07,37739.97,-0.0022,1.25e-05,1.46
2026-07-06 23:05:59,64326.5,0.658,0.658,146.4,0.16,3.0,3.0,0.08,37693.49,-0.1232,1.25e-05,3.2
2026-07-06 23:06:19,64332.5,-0.023,-0.023,123.2,0.16,0.0,0.0,-0.08,37693.06,-0.0012,1.25e-05,2.89
2026-07-06 23:06:39,64332.5,0.067,0.067,130.2,0.16,3.0,3.0,-0.06,37693.33,0.0007,1.25e-05,2.02
2026-07-06 23:07:00,64331.5,0.188,0.188,107.5,0.16,0.0,0.0,-0.06,37695.75,0.0064,1.25e-05,1.31
2026-07-06 23:07:20,64330.5,0.015,0.015,128.2,0.16,0.0,0.0,-0.04,37695.03,-0.0019,1.25e-05,0.81
2026-07-06 23:07:41,64310.5,-0.327,-0.327,149.5,0.16,0.0,3.0,-0.06,37694.39,-0.0017,1.25e-05,-1.61
2026-07-06 23:08:02,64302.5,-0.153,-0.153,150.2,0.16,0.0,0.0,-0.03,37707.69,0.0353,1.25e-05,-2.0
2026-07-06 23:08:22,64310.5,0.078,0.078,136.6,0.16,0.0,0.0,0.04,37707.87,0.0005,1.25e-05,-0.53
2026-07-06 23:08:43,64310.5,-0.19,-0.19,126.5,0.16,0.0,0.0,-0.03,37708.57,0.0018,1.25e-05,-0.37
2026-07-06 23:09:04,64290.5,-0.582,-0.582,191.9,0.16,0.0,0.0,-0.05,37708.89,0.0008,1.25e-05,-2.44
2026-07-06 23:09:25,64251.5,0.032,0.032,148.9,0.16,3.0,0.0,0.04,37719.02,0.0269,1.25e-05,-5.96
2026-07-06 23:09:45,64251.5,0.1,0.1,165.7,0.16,3.0,0.0,0.07,37719.4,0.001,1.25e-05,-4.17
2026-07-06 23:10:06,64250.5,0.166,0.166,137.4,0.16,3.0,0.0,0.07,37719.08,-0.0009,1.25e-05,-3.03
2026-07-06 23:10:26,64263.5,-0.868,-0.868,108.3,0.16,0.0,0.0,-0.08,37720.71,0.0043,1.25e-05,-0.7
2026-07-06 23:10:47,64256.5,0.089,0.089,142.3,0.16,0.0,0.0,0.06,37720.78,0.0002,1.25e-05,-1.26
2026-07-06 23:11:07,64279.5,0.124,0.124,135.6,0.16,3.0,0.0,0.03,37720.87,0.0002,1.25e-05,1.63
2026-07-06 23:11:30,64258.5,-0.085,-0.085,137.8,0.16,0.0,0.0,-0.03,37721.31,0.0012,1.25e-05,-1.15
2026-07-06 23:11:51,64258.5,-0.203,-0.203,149.3,0.16,0.0,3.0,-0.04,37721.44,0.0003,1.25e-05,-0.8
2026-07-06 23:12:12,64259.5,0.486,0.486,152.8,0.16,0.0,3.2,0.08,37721.14,-0.0008,1.25e-05,-0.45
2026-07-06 23:12:32,64281.5,0.519,0.519,221.7,0.16,0.0,0.0,0.08,37721.1,-0.0001,1.25e-05,2.08
2026-07-06 23:12:53,64281.5,-0.124,-0.124,152.6,0.16,3.0,0.0,0.01,37720.23,-0.0023,1.25e-05,1.45
2026-07-06 23:13:13,64281.5,-0.065,-0.065,158.3,0.16,3.0,0.0,0.03,37720.43,0.0005,1.25e-05,1.02
2026-07-06 23:13:34,64272.5,-0.107,-0.107,158.1,0.16,0.0,3.0,0.03,37720.2,-0.0006,1.25e-05,-0.27
2026-07-06 23:13:54,64272.5,0.55,0.55,136.8,0.16,0.0,3.0,0.08,37720.07,-0.0004,1.25e-05,-0.19
2026-07-06 23:14:15,64271.5,-0.422,-0.422,147.3,0.16,0.0,3.0,-0.04,37720.26,0.0005,1.25e-05,-0.24
